"mineralName","formula","discoveryYear"
"Ferro-taramite","Na(CaNa)(Fe<sup>2+</sup><sub>3</sub>Al<sub>2</sub>)(Al<sub>2</sub>Si<sub>6</sub>O<sub>22</sub>)(OH)<sub>2</sub>",""
"Aldermanite","[Mg(H<sub>2</sub>O)<sub>6</sub>][Na(H<sub>2</sub>O)<sub>2</sub>Al<sub>3</sub>(PO<sub>4</sub>)<sub>2</sub>(OH,F)<sub>6</sub>]&middot;H<sub>2</sub>O ",""
"Analcime","Na(AlSi<sub>2</sub>O<sub>6</sub>)&middot;H<sub>2</sub>O",""
"Agrellite","NaCa<sub>2</sub>Si<sub>4</sub>O<sub>10</sub>F",""
"Abenakiite-(Ce)","Na<sub>26</sub>Ce<sub>6</sub>(Si<sub>6</sub>O<sub>18</sub>)(PO<sub>4</sub>)<sub>6</sub>(CO<sub>3</sub>)<sub>6</sub>(SO<sub>2</sub>)O",""
"Schorl","NaFe<sup>2+</sup><sub>3</sub>Al<sub>6</sub>(Si<sub>6</sub>O<sub>18</sub>)(BO<sub>3</sub>)<sub>3</sub>(OH)<sub>3</sub>(OH)","1505"
"Borax","Na<sub>2</sub>(B<sub>4</sub>O<sub>5</sub>)(OH)<sub>4</sub>&middot;8H<sub>2</sub>O","1546"
"Natron","Na<sub>2</sub>CO<sub>3</sub>&middot;10H<sub>2</sub>O","1747"
"Trona","Na<sub>3</sub>H(CO<sub>3</sub>)<sub>2</sub>&middot;2H<sub>2</sub>O","1773"
"Cryolite","Na<sub>2</sub>NaAlF<sub>6</sub>","1799"
"Meionite","Ca<sub>4</sub>Al<sub>6</sub>Si<sub>6</sub>O<sub>24</sub>CO<sub>3</sub>","1801"
"Nepheline","Na<sub>3</sub>K(Al<sub>4</sub>Si<sub>4</sub>O<sub>16</sub>)","1801"
"Natrolite","Na<sub>2</sub>Al<sub>2</sub>Si<sub>3</sub>O<sub>10</sub>&middot;2H<sub>2</sub>O","1803"
"Sarcolite","Na<sub>4</sub>Ca<sub>12</sub>Al<sub>8</sub>Si<sub>12</sub>O<sub>46</sub>(SiO<sub>4</sub>,PO<sub>4</sub>)(OH,H<sub>2</sub>O)<sub>4</sub>(CO<sub>3</sub>,Cl)","1807"
"Glauberite","Na<sub>2</sub>Ca(SO<sub>4</sub>)<sub>2</sub>","1808"
"Sodalite","Na<sub>4</sub>(Si<sub>3</sub>Al<sub>3</sub>)O<sub>12</sub>Cl","1811"
"Aphthitalite","(K,Na)<sub>3</sub>Na(SO<sub>4</sub>)<sub>2</sub>","1813"
"Pargasite","NaCa<sub>2</sub>(Mg<sub>4</sub>Al)(Si<sub>6</sub>Al<sub>2</sub>)O<sub>22</sub>(OH)<sub>2</sub>","1814"
"Omphacite","(Na<sub>a</sub>Ca<sub>b</sub>Fe<sup>2+</sup><sub>c</sub>Mg<sub>d</sub>)(Al<sub>e</sub>Fe<sup>3+</sup><sub>f</sub>Fe<sup>2+</sup><sub>g</sub>Mg<sub>h</sub>)Si<sub>2</sub>O<sub>6</sub>","1815"
"Albite","Na(AlSi<sub>3</sub>O<sub>8</sub>)","1815"
"Mesolite","Na<sub>2</sub>Ca<sub>2</sub>Si<sub>9</sub>Al<sub>6</sub>O<sub>30</sub>&middot;8H<sub>2</sub>O","1816"
"Eudialyte","Na<sub>15</sub>Ca<sub>6</sub>Fe<sub>3</sub>Zr<sub>3</sub>Si(Si<sub>25</sub>O<sub>73</sub>)(O,OH,H<sub>2</sub>O)<sub>3</sub>(Cl,OH)<sub>2</sub>","1819"
"Thomsonite-Ca","NaCa<sub>2</sub>[Al<sub>5</sub>Si<sub>5</sub>O<sub>20</sub>]&middot;6H<sub>2</sub>O","1820"
"Aegirine","NaFe<sup>3+</sup>Si<sub>2</sub>O<sub>6</sub>","1821"
"Nitratine","NaNO<sub>3</sub>","1821"
"Arfvedsonite","[Na][Na<sub>2</sub>][Fe<sup>2+</sup><sub>4</sub>Fe<sup>3+</sup>]Si<sub>8</sub>O<sub>22</sub>(OH)<sub>2</sub>","1823"
"Leucophanite","NaCaBeSi<sub>2</sub>O<sub>6</sub>F","1824"
"Davyne","(Na,K)<sub>6</sub>Ca<sub>2</sub>(Al<sub>6</sub>Si<sub>6</sub>O<sub>24</sub>)(Cl<sub>2</sub>,SO<sub>4</sub>)<sub>2</sub>","1825"
"Gaylussite","Na<sub>2</sub>Ca(CO<sub>3</sub>)<sub>2</sub>&middot;5H<sub>2</sub>O","1826"
"Thénardite","Na<sub>2</sub>SO<sub>4</sub>","1826"
"Stilpnomelane","(K,Ca,Na)(Fe,Mg,Al)<sub>8</sub>(Si,Al)<sub>12</sub>(O,OH)<sub>36</sub>&middot;nH<sub>2</sub>O","1827"
"Nontronite","Na<sub>0.3</sub>Fe<sub>2</sub>((Si,Al)<sub>4</sub>O<sub>10</sub>)(OH)<sub>2</sub>&middot;nH<sub>2</sub>O","1827"
"Pectolite","NaCa<sub>2</sub>Si<sub>3</sub>O<sub>8</sub>(OH)","1828"
"Lavendulan","NaCaCu<sub>5</sub>(AsO<sub>4</sub>)<sub>4</sub>Cl&middot;5H<sub>2</sub>O","1837"
"Edenite","NaCa<sub>2</sub>Mg<sub>5</sub>(Si<sub>7</sub>Al)O<sub>22</sub>(OH)<sub>2</sub>","1839"
"Cancrinite","(Na,Ca,&#9723;)<sub>8</sub>(Al<sub>6</sub>Si<sub>6</sub>O<sub>24</sub>)(CO<sub>3</sub>,SO<sub>4</sub>)<sub>2</sub>&middot;2H<sub>2</sub>O","1839"
"Berzeliite","(NaCa<sub>2</sub>)Mg<sub>2</sub>(AsO<sub>4</sub>)<sub>3</sub>","1840"
"Wöhlerite","Na<sub>2</sub>Ca<sub>4</sub>ZrNb(Si<sub>2</sub>O<sub>7</sub>)<sub>2</sub>O<sub>3</sub>F","1843"
"Astrophyllite","K<sub>2</sub>NaFe<sup>2+</sup><sub>7</sub>Ti<sub>2</sub>Si<sub>8</sub>O<sub>26</sub>(OH)<sub>4</sub>F","1844"
"Glaucophane","&#9723;[Na<sub>2</sub>][Mg<sub>3</sub>Al<sub>2</sub>]Si<sub>8</sub>O<sub>22</sub>(OH)<sub>2</sub>","1845"
"Thermonatrite","Na<sub>2</sub>CO<sub>3</sub>&middot;H<sub>2</sub>O","1845"
"Mirabilite","Na<sub>2</sub>SO<sub>4</sub>&middot;10H<sub>2</sub>O","1845"
"Pollucite","(Cs,Na)<sub>2</sub>(Al<sub>2</sub>Si<sub>4</sub>O<sub>12</sub>)&middot;2H<sub>2</sub>O","1846"
"Chiolite","Na<sub>5</sub>Al<sub>3</sub>F<sub>14</sub>","1846"
"Montmorillonite","(Na,Ca)<sub>0.33</sub>(Al,Mg)<sub>2</sub>(Si<sub>4</sub>O<sub>10</sub>)(OH)<sub>2</sub>&middot;nH<sub>2</sub>O","1847"
"Hydrohalite","NaCl&middot;2H<sub>2</sub>O","1847"
"Alluaudite","(Na,Ca)Mn<sup>2+</sup>(Fe<sup>3+</sup>,Mn<sup>2+</sup>,Fe<sup>2+</sup>,Mg)<sub>2</sub>(PO<sub>4</sub>)<sub>3</sub>","1848"
"Ulexite","NaCa[B<sub>5</sub>O<sub>6</sub>(OH)<sub>6</sub>]&middot;5H<sub>2</sub>O","1850"
"Stercorite","(NH<sub>4</sub>)Na(PO<sub>3</sub>OH)&middot;4H<sub>2</sub>O","1850"
"Catapleiite","Na<sub>2</sub>Zr(Si<sub>3</sub>O<sub>9</sub>)&middot;2H<sub>2</sub>O","1850"
"Gyrolite","NaCa<sub>16</sub>Si<sub>23</sub>AlO<sub>60</sub>(OH)<sub>8</sub>&middot;14H<sub>2</sub>O","1851"
"Ephesite","NaLiAl<sub>2</sub>(Al<sub>2</sub>Si<sub>2</sub>O<sub>10</sub>)(OH)<sub>2</sub>","1851"
"Meliphanite","(Ca,Na)<sub>2</sub>(Be,Al)[Si<sub>2</sub>O<sub>6</sub>(OH,F)]","1852"
"Lecontite","(NH<sub>4</sub>,K)NaSO<sub>4</sub>&middot;2H<sub>2</sub>O","1858"
"Pachnolite","NaCa[AlF<sub>6</sub>]&middot;H<sub>2</sub>O","1863"
"Jadeite","Na(Al,Fe<sup>3+</sup>)Si<sub>2</sub>O<sub>6</sub>","1863"
"Mordenite","(Na<sub>2</sub>,Ca,K<sub>2</sub>)<sub>4</sub>(Al<sub>8</sub>Si<sub>40</sub>)O<sub>96</sub>&middot;28H<sub>2</sub>O","1864"
"Richterite","Na(NaCa)Mg<sub>5</sub>(Si<sub>8</sub>O<sub>22</sub>)(OH)<sub>2</sub>","1865"
"Aenigmatite","Na<sub>4</sub>[Fe<sup>2+</sup><sub>10</sub>Ti<sub>2</sub>]O<sub>4</sub>[Si<sub>12</sub>O<sub>36</sub>]","1865"
"Marialite","Na<sub>4</sub>Al<sub>3</sub>Si<sub>9</sub>O<sub>24</sub>Cl","1866"
"Mendozite","NaAl(SO<sub>4</sub>)<sub>2</sub>&middot;11H<sub>2</sub>O","1868"
"Durangite","NaAl(AsO<sub>4</sub>)F","1869"
"Hydrokenoralstonite"," Na<sub>0.5</sub>(Al,Mg)<sub>2</sub>(F,OH)<sub>6</sub>&middot;H<sub>2</sub>O ","1871"
"Microsommite","Na<sub>4</sub>K<sub>2</sub>Ca<sub>2</sub>(Al<sub>6</sub>Si<sub>6</sub>O<sub>24</sub>)(SO<sub>4</sub>)Cl<sub>2</sub>","1872"
"Stevensite","(Ca,Na)<sub>x</sub>Mg<sub>3-x</sub>(Si<sub>4</sub>O<sub>10</sub>)(OH)<sub>2</sub>","1873"
"Dawsonite","NaAlCO<sub>3</sub>(OH)<sub>2</sub>","1874"
"Caryinite","(Na,Pb)(Ca,Na)CaMn<sup>2+</sup><sub>2</sub>(AsO<sub>4</sub>)<sub>3</sub>","1874"
"Sauconite","Na<sub>0.3</sub>Zn<sub>3</sub>((Si,Al)<sub>4</sub>O<sub>10</sub>)(OH)<sub>2</sub>&middot;4H<sub>2</sub>O","1875"
"Låvenite","Na<sub>2</sub>Ca<sub>2</sub>Mn<sub>2</sub>Zr<sub>2</sub>(Si<sub>2</sub>O<sub>7</sub>)<sub>2</sub>O<sub>2</sub>F<sub>2</sub>","1875"
"Aerinite","(Ca<sub>5.1</sub>Na<sub>0.5</sub>)(Fe<sup>3+</sup>,Al,Fe<sup>2+</sup>,Mg)<sub>4</sub>(Al,Mg)<sub>6</sub>[HSi<sub>12</sub>O<sub>36</sub>(OH)<sub>12</sub>][(CO<sub>3</sub>)<sub>1.2</sub>(H<sub>2</sub>O)<sub>12</sub>]","1876"
"Dickinsonite-(KMnNa)","(KNa)(Mn<sup>2+</sup>&#9723;)Ca(Na<sub>2</sub>Na)Mn<sup>2+</sup><sub>13</sub>Al(PO<sub>4</sub>)<sub>11</sub>(PO<sub>4</sub>)(OH)<sub>2</sub>","1878"
"Sideronatrite","Na<sub>2</sub>Fe(SO<sub>4</sub>)<sub>2</sub>(OH)&middot;3H<sub>2</sub>O","1878"
"Tincalconite","Na<sub>2</sub>(B<sub>4</sub>O<sub>7</sub>)&middot;5H<sub>2</sub>O","1878"
"Fillowite","Na<sub>3</sub>CaMn<sup>2+</sup><sub>11</sub>(PO<sub>4</sub>)<sub>9</sub>","1879"
"Litidionite","CuNaKSi<sub>4</sub>O<sub>10</sub>","1880"
"Dravite","NaMg<sub>3</sub>Al<sub>6</sub>(Si<sub>6</sub>O<sub>18</sub>)(BO<sub>3</sub>)<sub>3</sub>(OH)<sub>3</sub>(OH)","1883"
"Hanksite","Na<sub>22</sub>K(SO<sub>4</sub>)<sub>9</sub>(CO<sub>3</sub>)<sub>2</sub>Cl","1883"
"Metavoltine","K<sub>2</sub>Na<sub>6</sub>Fe<sup>2+</sup>Fe<sup>3+</sup><sub>6</sub>O<sub>2</sub>(SO<sub>4</sub>)<sub>12</sub>&middot;18H<sub>2</sub>O","1883"
"Kaersutite","NaCa<sub>2</sub>(Mg<sub>3</sub>AlTi<sup>4+</sup>)(Si<sub>6</sub>Al<sub>2</sub>)O<sub>22</sub>O<sub>2</sub>","1884"
"Rinkite-(Ce)","(Ca<sub>3</sub>Ce)Na(NaCa)Ti(Si<sub>2</sub>O<sub>7</sub>)<sub>2</sub>(OF)F<sub>2</sub>","1884"
"Caracolite","Na<sub>3</sub>Pb<sub>2</sub>(SO<sub>4</sub>)<sub>3</sub>Cl","1886"
"Eudidymite","Na<sub>2</sub>Be<sub>2</sub>Si<sub>6</sub>O<sub>15</sub>&middot;H<sub>2</sub>O","1887"
"Rosenbuschite","Na<sub>6</sub>Ca<sub>6</sub>Zr<sub>3</sub>Ti(Si<sub>2</sub>O<sub>7</sub>)<sub>4</sub>O<sub>2</sub>F<sub>6</sub>","1887"
"Arseniopleite","NaCaMnMn<sub>2</sub>(AsO<sub>4</sub>)<sub>3</sub>","1888"
"Beryllonite","NaBePO<sub>4</sub>","1888"
"Riebeckite","&#9723;[Na<sub>2</sub>][Fe<sup>2+</sup><sub>3</sub>Fe<sup>3+</sup><sub>2</sub>]Si<sub>8</sub>O<sub>22</sub>(OH)<sub>2</sub>","1888"
"Tamarugite","NaAl(SO<sub>4</sub>)<sub>2</sub>&middot;6H<sub>2</sub>O","1889"
"Hiortdahlite","Na<sub>2</sub>Ca<sub>4</sub>(Ca<sub>0.5</sub>Zr<sub>0.5</sub>)Zr(Si<sub>2</sub>O<sub>7</sub>)2OF<sub>3</sub>","1889"
"Ferrinatrite","Na<sub>3</sub>Fe(SO<sub>4</sub>)<sub>3</sub>&middot;3H<sub>2</sub>O","1889"
"Ganophyllite","(K,Na,Ca)<sub>2</sub>Mn<sub>8</sub>(Si,Al)<sub>12</sub>(O,OH)<sub>32</sub>&middot;8H<sub>2</sub>O","1890"
"Lazurite","Na<sub>7</sub>Ca(Al<sub>6</sub>Si<sub>6</sub>O<sub>24</sub>)(SO<sub>4</sub>)(S<sub>3</sub>)&middot;H<sub>2</sub>O","1890"
"Natrophilite","NaMn<sup>2+</sup>PO<sub>4</sub>","1890"
"Griphite","Na<sub>4</sub>Li<sub>2</sub>Ca<sub>6</sub>(Mn<sup>2+</sup>,Fe<sup>2+</sup>,Mg)<sub>19</sub>Al<sub>8</sub>(PO<sub>4</sub>)<sub>24</sub>(F,OH)<sub>8</sub>","1891"
"Morinite","NaCa<sub>2</sub>Al<sub>2</sub>(PO<sub>4</sub>)<sub>2</sub>(OH)F<sub>4</sub>&middot;2H<sub>2</sub>O","1891"
"Rectorite","(Na,Ca)Al<sub>4</sub>((Si,Al)<sub>8</sub>O<sub>20</sub>)(OH)<sub>4</sub>&middot;2H<sub>2</sub>O","1891"
"Darapskite","Na<sub>3</sub>(SO<sub>4</sub>)(NO<sub>3</sub>)&middot;H<sub>2</sub>O","1891"
"Aegirine-augite","(Na<sub>a</sub>Ca<sub>b</sub>Fe<sup>2+</sup><sub>c</sub>Mg<sub>d</sub>)(Fe<sup>3+</sup><sub>e</sub>Al<sub>f</sub>Fe<sup>2+</sup><sub>g</sub>Mg<sub>h</sub>)Si<sub>2</sub>O<sub>6</sub>","1892"
"Epididymite","Na<sub>2</sub>Be<sub>2</sub>Si<sub>6</sub>O<sub>15</sub>&middot;H<sub>2</sub>O","1893"
"Hainite-(Y)","Na<sub>2</sub>Ca<sub>4</sub>(Y,REE)Ti(Si<sub>2</sub>O<sub>7</sub>)<sub>2</sub>OF<sub>3</sub>","1893"
"Neptunite","Na<sub>2</sub>KLiFe<sup>2+</sup><sub>2</sub>Ti<sub>2</sub>Si<sub>8</sub>O<sub>24</sub>","1893"
"Lamprophyllite","(Na,Mn<sup>2+</sup>)<sub>3</sub>(Sr,Na)<sub>2</sub>(Ti,Fe<sup>3+</sup>)<sub>3</sub>(Si<sub>2</sub>O<sub>7</sub>)<sub>2</sub>O<sub>2</sub>(OH,O,F)<sub>2</sub>","1894"
"Elpidite","Na<sub>2</sub>ZrSi<sub>6</sub>O<sub>15</sub>&middot;3H<sub>2</sub>O","1894"
"Northupite","Na<sub>3</sub>Mg(CO<sub>3</sub>)<sub>2</sub>Cl","1895"
"Hastingsite","NaCa<sub>2</sub>(Fe<sup>2+</sup><sub>4</sub>Fe<sup>3+</sup>)(Si<sub>6</sub>Al<sub>2</sub>)O<sub>22</sub>(OH)<sub>2</sub>","1896"
"Gonnardite","(Na,Ca)<sub>2</sub>(Si,Al)<sub>5</sub>O<sub>10</sub>&middot;3H<sub>2</sub>O","1896"
"Wardite","NaAl<sub>3</sub>(PO<sub>4</sub>)<sub>2</sub>(OH)<sub>4</sub>&middot;2H<sub>2</sub>O","1896"
"Pirssonite","Na<sub>2</sub>Ca(CO<sub>3</sub>)<sub>2</sub>&middot;2H<sub>2</sub>O","1896"
"Naujakasite","(Na,K)<sub>6</sub>(Fe<sup>2+</sup>,Mn<sup>2+</sup>,Ca)(Al,Fe)<sub>4</sub>Si<sub>8</sub>O<sub>26</sub>","1897"
"Kosmochlor","NaCrSi<sub>2</sub>O<sub>6</sub>","1897"
"Epistolite","Na<sub>2</sub>(Nb,Ti)<sub>2</sub>(Si<sub>2</sub>O<sub>7</sub>)O<sub>2</sub>&middot;nH<sub>2</sub>O","1897"
"Lorenzenite","Na<sub>2</sub>Ti<sub>2</sub>(Si<sub>2</sub>O<sub>6</sub>)O<sub>3</sub>","1897"
"Leucosphenite","BaNa<sub>4</sub>Ti<sub>2</sub>B<sub>2</sub>Si<sub>10</sub>O<sub>30</sub>","1900"
"Narsarsukite","Na<sub>4</sub>(Ti,Fe)<sub>2</sub>[Si<sub>8</sub>O<sub>20</sub>](O,OH,F)<sub>2</sub>","1900"
"Koenenite","Na<sub>4</sub>Mg<sub>9</sub>Al<sub>4</sub>Cl<sub>12</sub>(OH)<sub>22</sub>","1902"
"Natroalunite","NaAl<sub>3</sub>(SO<sub>4</sub>)<sub>2</sub>(OH)<sub>6</sub>","1902"
"Natrojarosite","NaFe<sub>3</sub>(SO<sub>4</sub>)<sub>2</sub>(OH)<sub>6</sub>","1902"
"Vanthoffite","Na<sub>6</sub>Mg(SO<sub>4</sub>)<sub>4</sub>","1902"
"Cryolithionite","Na<sub>3</sub>Al<sub>2</sub>(LiF<sub>4</sub>)<sub>3</sub>","1904"
"Tychite","Na<sub>6</sub>Mg<sub>2</sub>(CO<sub>3</sub>)<sub>4</sub>(SO<sub>4</sub>)","1905"
"Metathénardite","Na<sub>2</sub>SO<sub>4</sub>","1905"
"Winchite","&#9723;{CaNa}{Mg<sub>4</sub>Al}(Si<sub>8</sub>O<sub>22</sub>)(OH)<sub>2</sub>","1906"
"Reyerite","(Na,K)<sub>2</sub>Ca<sub>14</sub>(Si,Al)<sub>24</sub>O<sub>58</sub>(OH)<sub>8</sub>&middot;6H<sub>2</sub>O","1906"
"Rinneite","K<sub>3</sub>Na[FeCl<sub>6</sub>]","1908"
"Villiaumite","NaF","1908"
"Elbaite","Na(Li<sub>1.5</sub>Al<sub>1.5</sub>)Al<sub>6</sub>(Si<sub>6</sub>O<sub>18</sub>)(BO<sub>3</sub>)<sub>3</sub>(OH)<sub>3</sub>(OH)","1913"
"Lacroixite","NaAl(PO<sub>4</sub>)F","1914"
"Ussingite","Na<sub>2</sub>AlSi<sub>3</sub>O<sub>8</sub>OH","1914"
"Searlesite","Na(H<sub>2</sub>BSi<sub>2</sub>O<sub>7</sub>)","1914"
"Leifite","(Na,H<sub>2</sub>O)Na<sub>6</sub>[Be<sub>2</sub>Al<sub>2</sub>(Al,Si)Si<sub>15</sub>O<sub>39</sub>]F<sub>2</sub>","1915"
"Burkeite","Na<sub>6</sub>(CO<sub>3</sub>)(SO<sub>4</sub>)<sub>2</sub>","1921"
"Barroisite","&#9723;{CaNa}{Mg<sub>3</sub>Al<sub>2</sub>}(AlSi<sub>7</sub>O<sub>22</sub>)(OH)<sub>2</sub>","1922"
"Yuksporite","K<sub>4</sub>(Ca,Na)<sub>14</sub>(Sr,Ba)<sub>2</sub>(&#9723;,Mn,Fe)(Ti,Nb)<sub>4</sub>(O,OH)<sub>4</sub>(Si<sub>6</sub>O<sub>17</sub>)<sub>2</sub>(Si<sub>2</sub>O<sub>7</sub>)<sub>3</sub>(H<sub>2</sub>O,OH)<sub>3</sub>","1922"
"Parsettensite","(K,Na,Ca)<sub>7.5</sub>(Mn,Mg)<sub>49</sub>Si<sub>72</sub>O<sub>168</sub>(OH)<sub>50</sub>&middot;nH<sub>2</sub>O","1923"
"Murmanite","Na<sub>2</sub>Ti<sub>2</sub>(Si<sub>2</sub>O<sub>7</sub>)O<sub>2</sub>&middot;2H<sub>2</sub>O","1923"
"Swedenborgite","NaBe<sub>4</sub>Sb<sup>5+</sup>O<sub>7</sub>","1924"
"Ashcroftine-(Y)","K<sub>5</sub>Na<sub>5</sub>(Y,Ca)<sub>12</sub>Si<sub>28</sub>O<sub>70</sub>(OH)<sub>2</sub>(CO<sub>3</sub>)<sub>8</sub>&middot;8H<sub>2</sub>O","1924"
"Arrojadite-(KFe)","(KNa)(Fe<sup>2+</sup>&#9723;)Ca(Na<sub>2</sub>&#9723;)Fe<sup>2+</sup><sub>13</sub>Al(PO<sub>4</sub>)<sub>11</sub>(PO<sub>3</sub>OH)(OH)<sub>2</sub>","1925"
"Beidellite","(Na,Ca<sub>0.5</sub>)<sub>0.3</sub>Al<sub>2</sub>((Si,Al)<sub>4</sub>O<sub>10</sub>)(OH)<sub>2</sub>&middot;nH<sub>2</sub>O","1925"
"Labuntsovite-Mn","Na<sub>4</sub>K<sub>4</sub>(Ba,K)<sub>2</sub>Mn<sup>2+</sup>(Ti,Nb)<sub>8</sub>(Si<sub>4</sub>O<sub>12</sub>)<sub>4</sub>(O,OH)<sub>8</sub>&middot;10-12H<sub>2</sub>O","1925"
"Malladrite","Na<sub>2</sub>[SiF<sub>6</sub>]","1926"
"Kernite","Na<sub>2</sub>[B<sub>4</sub>O<sub>6</sub>(OH)<sub>2</sub>]&middot;3H<sub>2</sub>O","1927"
"Magnesio-hastingsite","NaCa<sub>2</sub>(Mg<sub>4</sub>Fe<sup>3+</sup>)(Si<sub>6</sub>Al<sub>2</sub>)O<sub>22</sub>(OH)<sub>2</sub>","1928"
"Nahcolite","NaHCO<sub>3</sub>","1928"
"Probertite","NaCa[B<sub>5</sub>O<sub>7</sub>(OH)<sub>4</sub>]&middot;3H<sub>2</sub>O","1929"
"Fersmanite","Ca<sub>4</sub>(Na,Ca)<sub>4</sub>(Ti,Nb)<sub>4</sub>(Si<sub>2</sub>O<sub>7</sub>)<sub>2</sub>O<sub>8</sub>F<sub>3</sub>","1929"
"Mangani-pargasite","NaCa<sub>2</sub>(Mg<sub>4</sub>Mn<sup>3+</sup>)(Si<sub>6</sub>Al<sub>2</sub>)O<sub>22</sub>(OH)<sub>2</sub>","1930"
"Millisite","(Na,K)CaAl<sub>6</sub>(PO<sub>4</sub>)<sub>4</sub>(OH)<sub>9</sub>&middot;3H<sub>2</sub>O","1930"
"Englishite","K<sub>3</sub>Na<sub>2</sub>Ca<sub>10</sub>Al<sub>15</sub>(PO<sub>4</sub>)<sub>21</sub>(OH)<sub>7</sub>&middot;26H<sub>2</sub>O","1930"
"Vishnevite","(Na,K)<sub>8</sub>(Al<sub>6</sub>Si<sub>6</sub>O<sub>24</sub>)(SO<sub>4</sub>,CO<sub>3</sub>)&middot;2H<sub>2</sub>O","1931"
"Clarkeite","(Na,Ca,Pb)(UO<sub>2</sub>)O(OH)&middot;0-1H<sub>2</sub>O","1931"
"Schairerite","Na<sub>21</sub>(SO<sub>4</sub>)<sub>7</sub>ClF<sub>6</sub>","1931"
"Serandite","NaMn<sup>2+</sup><sub>2</sub>Si<sub>3</sub>O<sub>8</sub>(OH)","1931"
"Tuhualite","NaFe<sup>2+</sup>Fe<sup>3+</sup>Si<sub>6</sub>O<sub>15</sub>","1932"
"Jarlite","Na(Sr,Na)<sub>7</sub>MgAl<sub>6</sub>F<sub>32</sub>(OH,H<sub>2</sub>O)<sub>2</sub>","1933"
"Corvusite","(Na,K,Ca,Mg)<sub>2</sub>(V<sup>5+</sup>,V<sup>4+</sup>,Fe<sup>2+</sup>)<sub>8</sub>O<sub>20</sub>&middot;6-10H<sub>2</sub>O","1933"
"Amarillite","NaFe(SO<sub>4</sub>)<sub>2</sub>&middot;6H<sub>2</sub>O","1933"
"Ferruccite","Na[BF<sub>4</sub>]","1933"
"Todorokite","(Na,Ca,K,Ba,Sr)<sub>1-x</sub>(Mn,Mg,Al)<sub>6</sub>O<sub>12</sub>&middot;3-4H<sub>2</sub>O","1934"
"Julienite","Na<sub>2</sub>[Co(SCN)<sub>4</sub>]&middot;8H<sub>2</sub>O","1935"
"Ungemachite","K<sub>3</sub>Na<sub>8</sub>Fe(SO<sub>4</sub>)<sub>6</sub>(NO<sub>3</sub>)<sub>2</sub>&middot;6H<sub>2</sub>O","1936"
"Varulite","NaCaMn<sup>2+</sup>Mn<sup>2+</sup><sub>2</sub>(PO<sub>4</sub>)<sub>3</sub>","1937"
"Weberite","Na<sub>2</sub>Mg[AlF<sub>6</sub>]F","1938"
"Chkalovite","Na<sub>2</sub>BeSi<sub>2</sub>O<sub>6</sub>","1938"
"Teepleite","Na<sub>2</sub>[B(OH)<sub>4</sub>]Cl","1938"
"Metasideronatrite","Na<sub>2</sub>Fe(SO<sub>4</sub>)<sub>2</sub>(OH)&middot;H<sub>2</sub>O","1938"
"Paralomonosovite","Na<sub>6</sub>&#9723;<sub>4</sub>Ti<sub>4</sub>(Si<sub>2</sub>O<sub>7</sub>)<sub>2</sub>[PO<sub>3</sub>OH][PO<sub>2</sub>(OH)<sub>2</sub>]O<sub>2</sub>(OF)","1938"
"Shortite","Na<sub>2</sub>Ca<sub>2</sub>(CO<sub>3</sub>)<sub>3</sub>","1939"
"Lovozerite","Na<sub>2</sub>Ca(Zr,Ti)(Si<sub>6</sub>O<sub>12</sub>)[(OH)<sub>4</sub>O<sub>2</sub>]&middot;H<sub>2</sub>O","1939"
"Betpakdalite-NaNa","[Na<sub>2</sub>(H<sub>2</sub>O)<sub>16</sub>Na(H<sub>2</sub>O)<sub>6</sub>][Mo<sub>8</sub>As<sub>2</sub>Fe<sup>3+</sup><sub>3</sub>O<sub>33</sub>(OH)<sub>4</sub>] ","1940"
"Gainesite","Na(Na,K)(Be,Li)Zr<sub>2</sub>(PO<sub>4</sub>)<sub>4</sub>&middot;1.5-2H<sub>2</sub>O","1941"
"Hectorite","Na<sub>0.3</sub>(Mg,Li)<sub>3</sub>(Si<sub>4</sub>O<sub>10</sub>)(F,OH)<sub>2</sub>","1941"
"Bradleyite","Na<sub>3</sub>Mg(CO<sub>3</sub>)(PO<sub>4</sub>)","1941"
"Lomonosovite","Na<sub>5</sub>Ti<sub>2</sub>(Si<sub>2</sub>O<sub>7</sub>)(PO<sub>4</sub>)O<sub>2</sub>","1941"
"Eckermannite","NaNa<sub>2</sub>(Mg<sub>4</sub>Al}Si<sub>8</sub>O<sub>22</sub>(OH)<sub>2</sub>","1942"
"Sampleite","NaCaCu<sub>5</sub>(PO<sub>4</sub>)<sub>4</sub>Cl&middot;5H<sub>2</sub>O","1942"
"Banalsite","Na<sub>2</sub>BaAl<sub>4</sub>Si<sub>4</sub>O<sub>16</sub>","1944"
"Vernadite","(Mn<sup>4+</sup>,Fe<sup>3+</sup>,Ca,Na)(O,OH)<sub>2</sub>&middot;nH<sub>2</sub>O","1944"
"Brazilianite","NaAl<sub>3</sub>(PO<sub>4</sub>)<sub>2</sub>(OH)<sub>4</sub>","1945"
"Fersmite","(Ca,Ce,Na)(Nb,Ta,Ti)<sub>2</sub>(O,OH,F)<sub>6</sub>","1946"
"Andersonite","Na<sub>2</sub>Ca(UO<sub>2</sub>)(CO<sub>3</sub>)<sub>3</sub>&middot;6H<sub>2</sub>O","1948"
"Magnesio-riebeckite","&#9723;{Na<sub>2</sub>}{Mg<sub>3</sub>Fe<sup>3+</sup><sub>2</sub>}(Si<sub>8</sub>O<sub>22</sub>)(OH)<sub>2</sub>","1949"
"Palermoite","(Li,Na)<sub>2</sub>(Sr,Ca)Al<sub>4</sub>(PO<sub>4</sub>)<sub>4</sub>(OH)<sub>4</sub>","1952"
"Burbankite","(Na,Ca)<sub>3</sub>(Sr,Ba,Ce)<sub>3</sub>(CO<sub>3</sub>)<sub>5</sub>","1953"
"Stepanovite","NaMgFe<sup>3+</sup>(C<sub>2</sub>O<sub>4</sub>)<sub>3</sub>&middot;8-9H<sub>2</sub>O","1953"
"Cyrilovite","NaFe<sup>3+</sup><sub>3</sub>(PO<sub>4</sub>)<sub>2</sub>(OH)<sub>4</sub>&middot;2H<sub>2</sub>O","1953"
"Shcherbakovite","(K,Ba)KNa(Ti,Nb)<sub>2</sub>(Si<sub>4</sub>O<sub>12</sub>)O<sub>2</sub>","1954"
"Hagendorfite","NaCaMn<sup>2+</sup>Fe<sup>2+</sup><sub>2</sub>(PO<sub>4</sub>)<sub>3</sub>","1954"
"Götzenite","NaCa<sub>6</sub>Ti(Si<sub>2</sub>O<sub>7</sub>)<sub>2</sub>OF<sub>3</sub>","1954"
"Eitelite","Na<sub>2</sub>Mg(CO<sub>3</sub>)<sub>2</sub>","1954"
"Reedmergnerite","NaBSi<sub>3</sub>O<sub>8</sub>","1954"
"Galeite","Na<sub>15</sub>(SO<sub>4</sub>)<sub>5</sub>F<sub>4</sub>Cl","1955"
"Chalconatronite","Na<sub>2</sub>Cu(CO<sub>3</sub>)<sub>2</sub>&middot;3H<sub>2</sub>O","1955"
"Nenadkevichite","(Na,&#9723;)<sub>8</sub>Nb<sub>4</sub>(Si<sub>4</sub>O<sub>12</sub>)<sub>2</sub>(O,OH)<sub>4</sub>&middot;8H<sub>2</sub>O","1955"
"Vinogradovite","Na<sub>4</sub>Ti<sub>4</sub>(Si<sub>2</sub>O<sub>6</sub>)<sub>2</sub>[(Si,Al)<sub>4</sub>O<sub>10</sub>]O<sub>4</sub>&middot;(H<sub>2</sub>O,Na,K)<sub>3</sub>","1956"
"Gerstleyite","Na<sub>2</sub>(Sb,As)<sub>8</sub>S<sub>13</sub>&middot;2H<sub>2</sub>O","1956"
"Heidornite","Na<sub>2</sub>Ca<sub>3</sub>B<sub>5</sub>O<sub>8</sub>(SO<sub>4</sub>)<sub>2</sub>Cl(OH)<sub>2</sub>","1956"
"Birnessite","(Na,Ca)<sub>0.5</sub>(Mn<sup>4+</sup>,Mn<sup>3+</sup>)<sub>2</sub>O<sub>4</sub>&middot;1.5H<sub>2</sub>O","1956"
"Kupletskite","(K,Na)<sub>3</sub>(Mn,Fe)<sub>7</sub>Ti<sub>2</sub>Si<sub>8</sub>O<sub>26</sub>(OH)<sub>4</sub>F","1956"
"Boltwoodite","(K,Na)(UO<sub>2</sub>)(SiO<sub>3</sub>OH)&middot;1.5H<sub>2</sub>O","1956"
"Jonesite","Ba<sub>4</sub>(K,Na)<sub>2</sub>Ti<sub>4</sub>Al<sub>2</sub>(Si<sub>3</sub>O<sub>9</sub>)<sub>2</sub>(SiO<sub>4</sub>)<sub>4</sub>O<sub>2</sub>&middot;6H<sub>2</sub>O","1957"
"Santafeite","(Na,Ca,Sr)<sub>12</sub>(Mn<sup>2+</sup>,Fe<sup>3+</sup>,Al,Mg)<sub>8</sub>Mn<sup>4+</sup><sub>8</sub>(VO<sub>4</sub>)<sub>16</sub>(OH,O)<sub>20</sub>&middot;8H<sub>2</sub>O","1957"
"Ferro-glaucophane","&#9723;[Na<sub>2</sub>][Fe<sup>2+</sup><sub>3</sub>Al<sub>2</sub>]Si<sub>8</sub>O<sub>22</sub>(OH)<sub>2</sub>","1957"
"Trikalsilite","K<sub>2</sub>NaAl<sub>3</sub>(SiO<sub>4</sub>)<sub>3</sub>","1957"
"Natrouranospinite","Na<sub>2</sub>(UO<sub>2</sub>)<sub>2</sub>(AsO<sub>4</sub>)<sub>2</sub>&middot;5H<sub>2</sub>O","1957"
"Combeite","Na<sub>4.5</sub>Ca<sub>3.5</sub>Si<sub>6</sub>O<sub>17.5</sub>(OH)<sub>0.5</sub>","1957"
"Mountainite","KNa<sub>2</sub>Ca<sub>2</sub>[Si<sub>8</sub>O<sub>19</sub>(OH)]&middot;6H<sub>2</sub>O","1957"
"Ezcurrite","Na<sub>4</sub>B<sub>10</sub>O<sub>17</sub>&middot;7H<sub>2</sub>O","1957"
"Sborgite","Na[B<sub>5</sub>O<sub>6</sub>(OH)<sub>4</sub>]&middot;3H<sub>2</sub>O","1957"
"Metanatroautunite","Na(UO<sub>2</sub>)(PO<sub>4</sub>)(H<sub>2</sub>O)<sub>3</sub>","1957"
"Ajoite","(K,Na)Cu<sub>7</sub>AlSi<sub>9</sub>O<sub>24</sub>(OH)<sub>6</sub>&middot;3H<sub>2</sub>O","1958"
"Seidozerite","Na<sub>4</sub>MnZr<sub>2</sub>Ti(Si<sub>2</sub>O<sub>7</sub>)<sub>2</sub>O<sub>2</sub>F<sub>2</sub>","1958"
"Delhayelite","(Na,K)<sub>10</sub>Ca<sub>5</sub>Al<sub>6</sub>Si<sub>32</sub>O<sub>80</sub>(Cl<sub>2</sub>,F<sub>2</sub>,SO<sub>4</sub>)<sub>3</sub>&middot;18H<sub>2</sub>O","1959"
"Batisite","BaNaNaTi<sub>2</sub>(Si<sub>4</sub>O<sub>12</sub>)O<sub>2</sub>","1959"
"Lobanovite","K<sub>2</sub>Na(Fe<sup>2+</sup><sub>4</sub>Mg<sub>2</sub>Na)Ti<sub>2</sub>(Si<sub>4</sub>O<sub>12</sub>)<sub>2</sub>O<sub>2</sub>(OH)<sub>4</sub>","1959"
"Fenaksite","(K,Na)<sub>4</sub>(Fe,Mn)<sub>2</sub>(Si<sub>4</sub>O<sub>10</sub>)<sub>2</sub>(OH,F)","1959"
"Huemulite","Na<sub>4</sub>Mg(V<sub>10</sub>O<sub>28</sub>)&middot;24H<sub>2</sub>O","1959"
"Lueshite","NaNbO<sub>3</sub>","1959"
"Garronite-Ca","Na<sub>2</sub>Ca<sub>5</sub>Al<sub>12</sub>Si<sub>20</sub>O<sub>64</sub>&middot;27H<sub>2</sub>O","1960"
"Zhemchuzhnikovite","NaMgAl(C<sub>2</sub>O<sub>4</sub>)<sub>3</sub>&middot;8H<sub>2</sub>O","1960"
"Innelite","Na<sub>2</sub>CaBa<sub>4</sub>Ti<sub>3</sub>(Si<sub>2</sub>O<sub>7</sub>)<sub>2</sub>(SO<sub>4</sub>)<sub>2</sub>O<sub>4</sub>","1960"
"Loughlinite","Na<sub>2</sub>Mg<sub>3</sub>Si<sub>6</sub>O<sub>16</sub>&middot;8H<sub>2</sub>O","1960"
"Natroniobite","NaNbO<sub>3</sub>","1960"
"Wegscheiderite","Na<sub>5</sub>H<sub>3</sub>(CO<sub>3</sub>)<sub>4</sub>","1960"
"Ferro-pargasite","NaCa<sub>2</sub>(Fe<sup>2+</sup><sub>4</sub>Al)(Si<sub>6</sub>Al<sub>2</sub>)O<sub>22</sub>(OH)<sub>2</sub>","1961"
"Carbocernaite","(Ca,Na)(Sr,Ce,Ba)(CO<sub>3</sub>)<sub>2</sub>","1961"
"Grantsite","(Na,Ca)<sub>2+x</sub>(V<sup>5+</sup>,V<sup>4+</sup>)<sub>6</sub>O<sub>16</sub>&middot;4H<sub>2</sub>O","1961"
"Freudenbergite","Na<sub>2</sub>(Ti,Fe)<sub>8</sub>O<sub>16</sub>","1961"
"Neighborite","NaMgF<sub>3</sub>","1961"
"Biringuccite","Na<sub>2</sub>B<sub>5</sub>O<sub>8</sub>(OH)&middot;H<sub>2</sub>O","1961"
"Nasinite","Na<sub>2</sub>[B<sub>5</sub>O<sub>8</sub>(OH)]&middot;2H<sub>2</sub>O","1961"
"Wenkite","(Ba,K)<sub>4</sub>(Ca,Na)<sub>6</sub>[(Si,Al)<sub>20</sub>O<sub>39</sub>(OH)<sub>2</sub>](SO<sub>4</sub>)<sub>3</sub>&middot;0.5H<sub>2</sub>O","1962"
"Stenonite","(Sr,Ba,Na)<sub>2</sub>Al(CO<sub>3</sub>)F<sub>5</sub>","1962"
"Tugtupite","Na<sub>4</sub>BeAlSi<sub>4</sub>O<sub>12</sub>Cl","1962"
"Vanalite","NaAl<sub>8</sub>V<sub>10</sub>O<sub>38</sub>&middot;30H<sub>2</sub>O","1962"
"Sørensenite","Na<sub>4</sub>SnBe<sub>2</sub>Si<sub>6</sub>O<sub>16</sub>(OH)<sub>4</sub>","1962"
"Keldyshite","(Na,H)<sub>2</sub>ZrSi<sub>2</sub>O<sub>7</sub>","1962"
"Tosudite","Na<sub>0.5</sub>(Al,Mg)<sub>6</sub>((Si,Al)<sub>8</sub>O<sub>18</sub>)(OH)<sub>12</sub>&middot;5H<sub>2</sub>O","1963"
"Nyerereite","Na<sub>2</sub>Ca(CO<sub>3</sub>)<sub>2</sub>","1963"
"Hydroglauberite","Na<sub>10</sub>Ca<sub>3</sub>(SO<sub>4</sub>)<sub>8</sub>&middot;6H<sub>2</sub>O","1963"
"Afghanite","(Na,K)<sub>22</sub>Ca<sub>10</sub>(Si<sub>24</sub>Al<sub>24</sub>O<sub>96</sub>)(SO<sub>4</sub>)<sub>6</sub>Cl<sub>6</sub>","1964"
"Potassic-ferro-ferri-taramite","K(CaNa)(Fe<sup>2+</sup><sub>3</sub>Fe<sup>3+</sup><sub>2</sub>)(Al<sub>2</sub>Si<sub>6</sub>O<sub>22</sub>)(OH)<sub>2</sub>","1964"
"Howieite","Na(Fe,Mn)<sub>10</sub>(Fe,Al)<sub>2</sub>Si<sub>12</sub>O<sub>31</sub>(OH)<sub>13</sub>","1964"
"Niobophyllite","(K,Na)<sub>3</sub>(Fe,Mn)<sub>6</sub>(Nb,Ti)<sub>2</sub>Si<sub>8</sub>(O,OH,F)<sub>31</sub>","1964"
"Uklonskovite","NaMg(SO<sub>4</sub>)F&middot;2H<sub>2</sub>O","1964"
"Bertossaite","(Li,Na)<sub>2</sub>(Ca,Fe<sup>2+</sup>,Mn<sup>2+</sup>)Al<sub>4</sub>(PO<sub>4</sub>)<sub>4</sub>(OH,F)<sub>4</sub>","1965"
"Barytolamprophyllite","(Ba,Na)<sub>2</sub>(Na,Ti,Fe<sup>3+</sup>)<sub>4</sub>Ti<sub>2</sub>(Si<sub>2</sub>O<sub>7</sub>)<sub>2</sub>O(OH,F)","1965"
"Tinaksite","K<sub>2</sub>Na(Ca,Mn<sup>2+</sup>)<sub>2</sub>TiO[Si<sub>7</sub>O<sub>18</sub>(OH)]","1965"
"Fedorite","(Na,K)<sub>2-3</sub>(Ca<sub>4</sub>Na<sub>3</sub>)Si<sub>16</sub>O<sub>38</sub>(OH,F)<sub>2</sub>&middot;3.5H<sub>2</sub>O","1965"
"Merrihueite","K(&#9723;Na)Fe<sup>2+</sup><sub>2</sub>Fe<sup>2+</sup><sub>3</sub>[Si<sub>12</sub>O<sub>30</sub>]","1965"
"Hilairite","Na<sub>2</sub>Zr[SiO<sub>3</sub>]<sub>3</sub>&middot;3H<sub>2</sub>O","1965"
"Fluor-buergerite","NaFe<sup>3+</sup><sub>3</sub>Al<sub>6</sub>(Si<sub>6</sub>O<sub>18</sub>)(BO<sub>3</sub>)<sub>3</sub>O<sub>3</sub>F","1966"
"Panethite","(Na,Ca)<sub>2</sub>(Mg,Fe<sup>2+</sup>)<sub>2</sub>(PO<sub>4</sub>)<sub>2</sub>","1966"
"Proshchenkoite-(Y)","Ca(Y,REE,Ca,Na,Mn)<sub>15</sub>Fe<sup>2+</sup>(P,Si)Si<sub>6</sub>B<sub>3</sub>O<sub>34</sub>F<sub>14</sub>","1966"
"Brianite","Na<sub>2</sub>CaMg(PO<sub>4</sub>)<sub>2</sub>","1966"
"Landauite","NaMnZn<sub>2</sub>(Ti,Fe)<sub>6</sub>Ti<sub>12</sub>O<sub>38</sub>","1966"
"Rivadavite","Na<sub>6</sub>Mg[B<sub>6</sub>O<sub>7</sub>(OH)<sub>6</sub>]<sub>4</sub>&middot;10H<sub>2</sub>O","1966"
"Roedderite","K(&#9723;Na)Mg<sub>2</sub>Mg<sub>3</sub>[Si<sub>12</sub>O<sub>30</sub>]","1966"
"Ameghinite","Na(H<sub>4</sub>B<sub>3</sub>O<sub>7</sub>)","1966"
"Tunisite","NaCa<sub>2</sub>Al<sub>4</sub>(CO<sub>3</sub>)<sub>4</sub>(OH)<sub>8</sub>Cl","1967"
"Bannisterite","(Ca,K,Na)(Mn<sup>2+</sup>,Fe<sup>2+</sup>)<sub>10</sub>(Si,Al)<sub>16</sub>O<sub>38</sub>(OH)<sub>8</sub>&middot;nH<sub>2</sub>O","1967"
"Satimolite","KNa<sub>2</sub>(Al<sub>5</sub>Mg<sub>2</sub>)[B<sub>12</sub>O<sub>18</sub>(OH)<sub>12</sub>](OH)<sub>6</sub>Cl<sub>4</sub>&middot;4H<sub>2</sub>O","1967"
"Tienshanite","KNa<sub>3</sub>Na<sub>6</sub>Ca<sub>2</sub>Ba<sub>6</sub>Mn<sub>6</sub>(Ti<sup>4+</sup>,Nb)<sub>6</sub>B<sub>12</sub>Si<sub>36</sub>O<sub>114</sub>(O,OH,F)<sub>11</sub>","1967"
"Krinovite","Na<sub>2</sub>Mg<sub>4</sub>Cr<sup>3+</sup><sub>2</sub>(Si<sub>6</sub>O<sub>18</sub>)O<sub>2</sub>","1967"
"Humberstonite","Na<sub>7</sub>K<sub>3</sub>Mg<sub>2</sub>(SO<sub>4</sub>)<sub>6</sub>(NO<sub>3</sub>)<sub>2</sub>&middot;6H<sub>2</sub>O","1967"
"Manjiroite","Na(Mn<sup>4+</sup><sub>7</sub>Mn<sup>3+</sup>)O<sub>16</sub>","1967"
"Magadiite","Na<sub>2</sub>Si<sub>14</sub>O<sub>29</sub>&middot;11H<sub>2</sub>O","1967"
"Kenyaite","Na<sub>2</sub>Si<sub>22</sub>O<sub>41</sub>(OH)<sub>8</sub>&middot;6H<sub>2</sub>O","1967"
"Weloganite","Na<sub>2</sub>Sr<sub>3</sub>Zr(CO<sub>3</sub>)<sub>6</sub>&middot;3H<sub>2</sub>O","1967"
"Yagiite","Na&#9723;<sub>2</sub>Mg<sub>2</sub>Al<sub>3</sub>[Al<sub>2</sub>Si<sub>10</sub>O<sub>30</sub>]","1968"
"Tuperssuatsiaite","Na<sub>2</sub>(Fe<sup>3+</sup>,Mn<sup>2+</sup>)<sub>3</sub>Si<sub>8</sub>O<sub>20</sub>(OH)<sub>2</sub>&middot;4H<sub>2</sub>O","1968"
"Rankamaite","(Na,K)<sub>3</sub>(Ta,Nb,Al)<sub>11</sub>(O,OH)<sub>31</sub>","1969"
"Alflarsenite","NaCa<sub>2</sub>Be<sub>3</sub>Si<sub>4</sub>O<sub>13</sub>(OH)&middot;2H<sub>2</sub>O","1969"
"Lemoynite","(Na,K)<sub>2</sub>CaZr<sub>2</sub>Si<sub>10</sub>O<sub>26</sub>&middot;5H<sub>2</sub>O","1969"
"Mangano-ferri-eckermannite","{Na}{Na<sub>2</sub>}{Mn<sup>2+</sup><sub>4</sub>Fe<sup>3+</sup>}Si<sub>8</sub>O<sub>22</sub>(OH)<sub>2</sub>","1969"
"Carletonite","KNa<sub>4</sub>Ca<sub>4</sub>Si<sub>8</sub>O<sub>18</sub>(CO<sub>3</sub>)<sub>4</sub>(OH,F)&middot;H<sub>2</sub>O","1971"
"Zircophyllite","K<sub>2</sub>NaFe<sup>2+</sup><sub>7</sub>Zr<sub>2</sub>(Si<sub>4</sub>O<sub>12</sub>)<sub>2</sub>O<sub>2</sub>(OH)<sub>4</sub>F","1971"
"Grimselite","K<sub>3</sub>Na(UO<sub>2</sub>)(CO<sub>3</sub>)<sub>3</sub>&middot;H<sub>2</sub>O","1971"
"Natrozippeite","Na<sub>5</sub>(UO<sub>2</sub>)<sub>8</sub>(SO<sub>4</sub>)<sub>4</sub>O<sub>5</sub>(OH)<sub>3</sub>&middot;12H<sub>2</sub>O","1971"
"Chernykhite","(Ba,Na)(V<sup>3+</sup>,Al,Mg)<sub>2</sub>((Si,Al)<sub>4</sub>O<sub>10</sub>)(OH)<sub>2</sub>","1972"
"Wyllieite","(Na,Ca,Mn)(Mn,Fe)(Fe,Mg)Al(PO<sub>4</sub>)<sub>3</sub>","1972"
"Tschernichite","(Ca,Na<sub>2</sub>)[Al<sub>2</sub>Si<sub>4</sub>O<sub>12</sub>]&middot;4-8H<sub>2</sub>O","1972"
"Ilmajokite-(Ce)","Na<sub>11</sub>KBaCe<sub>2</sub>Ti<sub>12</sub>Si<sub>37.5</sub>O<sub>94</sub>(OH)<sub>31</sub>&middot;29H<sub>2</sub>O","1972"
"Zorite","Na<sub>8</sub>(Ti,Nb)<sub>5</sub>(Si<sub>6</sub>O<sub>17</sub>)<sub>2</sub>(OH,O)<sub>5</sub>&middot;14H<sub>2</sub>O","1972"
"Natrophosphate","Na<sub>6+x</sub>H<sub>x</sub>F(PO<sub>4</sub>)<sub>2</sub>&middot;(19+x)H<sub>2</sub>O","1972"
"Kanemite","HNaSi<sub>2</sub>O<sub>5</sub>&middot;3H<sub>2</sub>O","1972"
"Calcjarlite","Na(Ca,Sr)<sub>3</sub>Al<sub>3</sub>(OH)<sub>2</sub>F<sub>14</sub>","1973"
"Lovdarite","K<sub>2</sub>Na<sub>6</sub>Be<sub>4</sub>Si<sub>14</sub>O<sub>36</sub>&middot;9H<sub>2</sub>O","1973"
"Zirsinalite","Na<sub>6</sub>(Ca,Mn<sup>2+</sup>,Fe<sup>2+</sup>)Zr(Si<sub>6</sub>O<sub>18</sub>)","1973"
"Donnayite-(Y)","NaCaSr<sub>3</sub>Y(CO<sub>3</sub>)<sub>6</sub>&middot;3H<sub>2</sub>O","1973"
"Aristarainite","Na<sub>2</sub>MgB<sub>12</sub>O<sub>20</sub>&middot;8H<sub>2</sub>O","1973"
"Raite","Na<sub>4</sub>Mn<sup>2+</sup><sub>3</sub>Ti<sub>0.25</sub>Si<sub>8</sub>O<sub>20</sub>(OH)<sub>2</sub>&middot;10H<sub>2</sub>O","1973"
"Vuonnemite","Na<sub>11</sub>Ti<sup>4+</sup>Nb<sub>2</sub>(Si<sub>2</sub>O<sub>7</sub>)<sub>2</sub>(PO<sub>4</sub>)<sub>2</sub>O<sub>3</sub>(F,OH)","1973"
"Kogarkoite","Na<sub>3</sub>(SO<sub>4</sub>)F","1973"
"Strelkinite","Na<sub>2</sub>(UO<sub>2</sub>)<sub>2</sub>(VO<sub>4</sub>)<sub>2</sub>&middot;6H<sub>2</sub>O","1973"
"Umbozerite","Na<sub>3</sub>Sr<sub>4</sub>Th[Si(O,OH)<sub>3-4</sub>]<sub>8</sub>","1973"
"Gaidonnayite","Na<sub>2</sub>Zr(Si<sub>3</sub>O<sub>9</sub>)&middot;2H<sub>2</sub>O","1973"
"Barrerite","Na<sub>2</sub>(Si<sub>7</sub>Al<sub>2</sub>)O<sub>18</sub>&middot;6H<sub>2</sub>O","1974"
"Koashvite","Na<sub>6</sub>(Ca,Mn)(Ti,Fe)Si<sub>6</sub>O<sub>18</sub>&middot;H<sub>2</sub>O","1974"
"Buchwaldite","NaCa(PO<sub>4</sub>)","1974"
"Murataite-(Y)","(Y,Na)<sub>6</sub>Zn(Zn,Fe<sup>3+</sup>)<sub>4</sub>(Ti,Nb,Na)<sub>12</sub>O<sub>29</sub>(O,F,OH)<sub>10</sub>F<sub>4</sub> ","1974"
"Kazakovite","Na<sub>6</sub>Mn<sup>2+</sup>Ti(Si<sub>6</sub>O<sub>18</sub>)","1974"
"Liottite","(Na,K)<sub>16</sub>Ca<sub>8</sub>(Al<sub>6</sub>Si<sub>6</sub>O<sub>24</sub>)<sub>3</sub>(SO<sub>4</sub>)<sub>5</sub>Cl<sub>4</sub>","1975"
"Darapiosite","KNa<sub>2</sub>Mn<sub>2</sub>(Zn<sub>2</sub>Li)[Si<sub>12</sub>O<sub>30</sub>]","1975"
"Natrosilite","Na<sub>2</sub>Si<sub>2</sub>O<sub>5</sub>","1975"
"Natisite","Na<sub>2</sub>Ti(SiO<sub>4</sub>)O","1975"
"Franzinite","(Na,K)<sub>6</sub>Ca<sub>2</sub>(Al<sub>6</sub>Si<sub>6</sub>O<sub>24</sub>)(SO<sub>4</sub>)<sub>2</sub>&middot;0.5H<sub>2</sub>O","1976"
"Burangaite","NaFe<sup>2+</sup>Al<sub>5</sub>(PO<sub>4</sub>)<sub>4</sub>(OH)<sub>6</sub>&middot;2H<sub>2</sub>O","1976"
"Nanlingite","Na(Ca<sub>5</sub>Li)Mg<sub>12</sub>(AsO<sub>3</sub>)<sub>2</sub>[Fe(AsO<sub>3</sub>)<sub>6</sub>]F<sub>14</sub>","1976"
"Okanoganite-(Y)","(Na,Ca)<sub>3</sub>(Y,Ce)<sub>12</sub>Si<sub>6</sub>B<sub>2</sub>O<sub>27</sub>F<sub>14</sub>","1976"
"Fluorapophyllite-(Na)","NaCa<sub>4</sub>(Si<sub>8</sub>O<sub>20</sub>)F&middot;8H<sub>2</sub>O","1976"
"Vitusite-(Ce)","Na<sub>3</sub>(Ce,La,Nd)(PO<sub>4</sub>)<sub>2</sub>","1976"
"Zektzerite","LiNaZrSi<sub>6</sub>O<sub>15</sub>","1976"
"Merlinoite","(K,Na)<sub>5</sub>(Ca,Ba)<sub>2</sub>Al<sub>9</sub>Si<sub>23</sub>O<sub>64</sub>&middot;23H<sub>2</sub>O","1977"
"Eggletonite","(Na,K,Ca)<sub>2</sub>(Mn,Fe)<sub>8</sub>(Si,Al)<sub>12</sub>O<sub>29</sub>(OH)<sub>7</sub>&middot;11H<sub>2</sub>O","1977"
"Viitaniemiite","Na(Ca,Mn<sup>2+</sup>)Al(PO<sub>4</sub>)(F,OH)<sub>3</sub>","1977"
"Machatschkiite","(Ca,Na)<sub>6</sub>(AsO<sub>4</sub>)(HAsO<sub>4</sub>)<sub>3</sub>(PO<sub>4</sub>,SO<sub>4</sub>)&middot;15H<sub>2</sub>O","1977"
"Taneyamalite","(Na,Ca)(Mn,Mg,Fe)<sub>12</sub>Si<sub>12</sub>(O,OH)<sub>44</sub>","1977"
"Parakeldyshite","Na<sub>2</sub>ZrSi<sub>2</sub>O<sub>7</sub>","1977"
"Panunzite","(K,Na)AlSiO<sub>4</sub>","1978"
"Ferro-richterite","{Na}{CaNa}{Fe<sup>2+</sup><sub>5</sub>}(Si<sub>8</sub>O<sub>22</sub>)(OH)<sub>2</sub>","1978"
"Marsturite","NaCaMn<sub>3</sub>Si<sub>5</sub>O<sub>14</sub>(OH)","1978"
"Charoite","(K,Sr)<sub>15-16</sub>(Ca,Na)<sub>32</sub>[Si<sub>6</sub>O<sub>11</sub>(O,OH)<sub>6</sub>]<sub>2</sub>[Si<sub>12</sub>O<sub>18</sub>(O,OH)<sub>12</sub>]<sub>2</sub>[Si<sub>17</sub>O<sub>25</sub>(O,OH)<sub>18</sub>]<sub>2</sub>(OH,F)<sub>4</sub>&middot;~3H<sub>2</sub>O","1978"
"Emeleusite","Li<sub>2</sub>Na<sub>4</sub>Fe<sub>2</sub>Si<sub>12</sub>O<sub>30</sub>","1978"
"Maghagendorfite","(Na,&#9723;)MgMn<sup>2+</sup>(Fe<sup>2+</sup>,Fe<sup>3+</sup>)<sub>2</sub>(PO<sub>4</sub>)<sub>3</sub>","1978"
"Fluoro-riebeckite","&#9723;{Na<sub>2</sub>}{Fe<sup>2+</sup><sub>3</sub>Fe<sup>3+</sup><sub>2</sub>}(Si<sub>8</sub>O<sub>22</sub>)F<sub>2</sub>","1978"
"Sacrofanite","(Na<sub>61</sub>K<sub>19</sub>Ca<sub>32</sub>)(Si<sub>84</sub>Al<sub>84</sub>O<sub>336</sub>)(SO<sub>4</sub>)<sub>26</sub>Cl<sub>2</sub>F<sub>6</sub>&middot;2H<sub>2</sub>O","1979"
"Giuseppettite","(Na,K,Ca)<sub>7-8</sub>(Al<sub>6</sub>Si<sub>6</sub>O<sub>24</sub>)(SO<sub>4</sub>,Cl)<sub>1-2</sub>","1979"
"Ferrowyllieite","(Na,Ca,Mn)(Fe,Mn)(Fe,Fe,Mg)Al(PO<sub>4</sub>)<sub>3</sub>","1979"
"Rosemaryite","(Na,Ca,Mn)(Mn,Fe<sup>2+</sup>)(Fe<sup>3+</sup>,Mg)Al(PO<sub>4</sub>)<sub>3</sub>","1979"
"Tancoite","LiNa<sub>2</sub>Al(PO<sub>4</sub>)(PO<sub>3</sub>OH)(OH)","1979"
"Amicite","K<sub>2</sub>Na<sub>2</sub>Al<sub>4</sub>Si<sub>4</sub>O<sub>16</sub>&middot;5H<sub>2</sub>O","1979"
"Wicksite","NaCa<sub>2</sub>(Fe<sup>2+</sup>,Mn<sup>2+</sup>)<sub>4</sub>MgFe<sup>3+</sup>(PO<sub>4</sub>)<sub>6</sub>&middot;2H<sub>2</sub>O","1979"
"Tisinalite","Na<sub>3</sub>H<sub>3</sub>(Mn,Ca,Fe)TiSi<sub>6</sub>(O,OH)<sub>18</sub>&middot;2H<sub>2</sub>O","1979"
"Johnsomervilleite","Na<sub>3</sub>CaFe<sub>11</sub>(PO<sub>4</sub>)<sub>9</sub>","1979"
"Imandrite","Na<sub>12</sub>Ca<sub>3</sub>Fe<sup>3+</sup><sub>2</sub>(Si<sub>6</sub>O<sub>18</sub>)<sub>2</sub>","1979"
"Nacaphite","Na<sub>2</sub>Ca(PO<sub>4</sub>)F","1979"
"Povondraite","NaFe<sup>3+</sup><sub>3</sub>(Mg<sub>2</sub>Fe<sup>3+</sup><sub>4</sub>)(Si<sub>6</sub>O<sub>18</sub>)(BO<sub>3</sub>)<sub>3</sub>(OH)<sub>3</sub>O","1979"
"Olympite","Na<sub>5</sub>Li(PO<sub>4</sub>)<sub>2</sub>","1979"
"Sidorenkite","Na<sub>3</sub>Mn<sup>2+</sup>(CO<sub>3</sub>)(PO<sub>4</sub>)","1979"
"Saneroite","NaMn<sup>2+</sup><sub>5</sub>[Si<sub>5</sub>O<sub>14</sub>(OH)](VO<sub>3</sub>)(OH)","1979"
"Dorfmanite","Na<sub>2</sub>(PO<sub>3</sub>OH)&middot;2H<sub>2</sub>O","1979"
"Ertixiite","Na<sub>2</sub>Si<sub>4</sub>O<sub>9</sub>","1979"
"Preiswerkite","NaMg<sub>2</sub>Al(Al<sub>2</sub>Si<sub>2</sub>O<sub>10</sub>)(OH)<sub>2</sub>","1980"
"Paranatrolite","Na<sub>2</sub>Al<sub>2</sub>Si<sub>3</sub>O<sub>10</sub>&middot;3H<sub>2</sub>O","1980"
"Johillerite","Na(Mg,Zn)<sub>3</sub>Cu(AsO<sub>4</sub>)<sub>3</sub>","1980"
"Cámaraite","Ba<sub>3</sub>Na(Fe<sup>2+</sup>,Mn)<sub>8</sub>Ti<sub>4</sub>(Si<sub>2</sub>O<sub>7</sub>)<sub>4</sub>O<sub>4</sub>(OH,F)<sub>7</sub>","1980"
"Olgite","(Sr,Ba)(Na,Sr,REE)<sub>2</sub>Na(PO<sub>4</sub>)<sub>2</sub>","1980"
"Kapundaite","NaCaFe<sub>4</sub>(PO<sub>4</sub>)<sub>4</sub>(OH)<sub>3</sub>&middot;5H<sub>2</sub>O","1980"
"Gregoryite","(Na<sub>2</sub>,K<sub>2</sub>,Ca)CO<sub>3</sub>","1980"
"Loudounite","NaCa<sub>5</sub>Zr<sub>4</sub>Si<sub>16</sub>O<sub>40</sub>(OH)<sub>11</sub>&middot;8H<sub>2</sub>O","1980"
"Petarasite","Na<sub>5</sub>Zr<sub>2</sub>(Si<sub>6</sub>O<sub>18</sub>)(Cl,OH)&middot;2H<sub>2</sub>O","1980"
"Mendozavilite-NaFe","[Na<sub>2</sub>(H<sub>2</sub>O)<sub>15</sub>Fe<sup>3+</sup>(H<sub>2</sub>O)<sub>6</sub>][Mo<sub>8</sub>P<sub>2</sub>Fe<sup>3+</sup><sub>3</sub>O<sub>35</sub>(OH)<sub>2</sub>]","1980"
"Erdite","NaFeS<sub>2</sub>&middot;2H<sub>2</sub>O","1980"
"Eifelite","KNa<sub>2</sub>(MgNa)Mg<sub>3</sub>[Si<sub>12</sub>O<sub>30</sub>]","1980"
"Sabinaite","Na<sub>4</sub>Zr<sub>2</sub>TiO<sub>4</sub>(CO<sub>3</sub>)<sub>4</sub>","1980"
"Chessexite","(Na,K)<sub>4</sub>Ca<sub>2</sub>(Mg,Zn)<sub>3</sub>Al<sub>8</sub>(SO<sub>4</sub>)<sub>10</sub>(SiO<sub>4</sub>)<sub>2</sub>&middot;40H<sub>2</sub>O","1981"
"Wonesite","(Na,K)(Mg,Fe,Al)<sub>6</sub>((Al,Si)<sub>4</sub>O<sub>10</sub>)<sub>2</sub>(OH,F)<sub>4</sub>","1981"
"Qingheiite","NaNaMn<sup>2+</sup>(MgAl)(PO<sub>4</sub>)<sub>3</sub>","1981"
"Sosedkoite","(K,Na)<sub>5</sub>Al<sub>2</sub>(Ta,Nb)<sub>22</sub>O<sub>60</sub>","1981"
"Peisleyite","Na<sub>2</sub>Al<sub>9</sub>[(P,S)O<sub>4</sub>]<sub>8</sub>(OH)<sub>6</sub>&middot;28H<sub>2</sub>O","1981"
"Grischunite","NaCa<sub>2</sub>Mn<sup>2+</sup><sub>5</sub>Fe<sup>3+</sup>(AsO<sub>4</sub>)<sub>6</sub>&middot;2H<sub>2</sub>O","1981"
"Mcnearite","NaCa<sub>5</sub>(AsO<sub>4</sub>)(HAsO<sub>4</sub>)<sub>4</sub>&middot;4H<sub>2</sub>O","1981"
"Nastrophite","Na(Sr,Ba)PO<sub>4</sub>&middot;9H<sub>2</sub>O","1981"
"Janhaugite","(Na,Ca)<sub>3</sub>(Mn<sup>2+</sup>,Fe<sup>2+</sup>)<sub>3</sub>(Ti,Zr,Nb)<sub>2</sub>(Si<sub>2</sub>O<sub>7</sub>)<sub>2</sub>O<sub>2</sub>(OH,F)<sub>2</sub>","1981"
"Arctite","Na<sub>2</sub>Ca<sub>4</sub>(PO<sub>4</sub>)<sub>3</sub>F","1981"
"Cesanite","Na<sub>3</sub>Ca<sub>2</sub>(SO<sub>4</sub>)<sub>3</sub>(OH)","1981"
"Eugsterite","Na<sub>4</sub>Ca(SO<sub>4</sub>)<sub>3</sub>&middot;2H<sub>2</sub>O","1981"
"Clinophosinaite","Na<sub>12</sub>(Ca,Sr)<sub>4</sub>(Si<sub>4</sub>O<sub>12</sub>)(PO<sub>4</sub>)<sub>4</sub>","1981"
"Steacyite","K<sub>0.3</sub>(Na,Ca)<sub>2</sub>ThSi<sub>8</sub>O<sub>20</sub>","1981"
"Ferrotychite","Na<sub>6</sub>(Fe,Mn,Mg)<sub>2</sub>(CO<sub>3</sub>)<sub>4</sub>(SO<sub>4</sub>)","1981"
"Zakharovite","Na<sub>4</sub>Mn<sub>5</sub>Si<sub>10</sub>O<sub>24</sub>(OH)<sub>6</sub>&middot;6H<sub>2</sub>O","1981"
"Nahpoite","Na<sub>2</sub>(PO<sub>3</sub>OH)","1981"
"Natrotantite","Na<sub>2</sub>Ta<sub>4</sub>O<sub>11</sub>","1981"
"Jeffreyite","(Ca,Na)<sub>2</sub>(Be,Al)(Si<sub>2</sub>O<sub>7</sub>,HSi<sub>2</sub>O<sub>7</sub>)","1982"
"Gobbinsite","Na<sub>5</sub>(Si<sub>11</sub>Al<sub>5</sub>)O<sub>32</sub>&middot;11H<sub>2</sub>O","1982"
"Khanneshite","(Na,Ca)<sub>3</sub>(Ba,Sr,Ce,Ca)<sub>3</sub>(CO<sub>3</sub>)<sub>5</sub>","1982"
"Strontiojoaquinite","Sr<sub>2</sub>Ba<sub>2</sub>(Na,Fe)<sub>2</sub>Ti<sub>2</sub>[Si<sub>4</sub>O<sub>12</sub>]<sub>2</sub>O<sub>2</sub>(O,OH)<sub>2</sub>&middot;H<sub>2</sub>O","1982"
"Jinshajiangite","BaNaFe<sup>2+</sup><sub>4</sub>Ti<sub>2</sub>(Si<sub>2</sub>O<sub>7</sub>)<sub>2</sub>O<sub>2</sub>(OH)<sub>2</sub>F","1982"
"Nabaphite","NaBaPO<sub>4</sub>&middot;9H<sub>2</sub>O","1982"
"Sobolevite","Na<sub>13</sub>Ca<sub>2</sub>Mn<sub>2</sub>Ti<sub>3</sub>(Si<sub>2</sub>O<sub>7</sub>)<sub>2</sub>(PO<sub>4</sub>)<sub>4</sub>O<sub>3</sub>F<sub>3</sub>","1982"
"Piypite","K<sub>4</sub>Cu<sub>4</sub>O<sub>2</sub>(SO<sub>4</sub>)<sub>4</sub>&middot;(Na,Cu)Cl","1982"
"Caswellsilverite","NaCrS<sub>2</sub>","1982"
"Shafranovskite","Na<sub>3</sub>K<sub>2</sub>(Mn,Fe,Na)<sub>4</sub>[Si<sub>9</sub>(O,OH)<sub>27</sub>](OH)<sub>2</sub>&middot;nH<sub>2</sub>O","1982"
"Bonshtedtite","Na<sub>3</sub>Fe<sup>2+</sup>(CO<sub>3</sub>)(PO<sub>4</sub>)","1982"
"Konyaite","Na<sub>2</sub>Mg(SO<sub>4</sub>)<sub>2</sub>&middot;5H<sub>2</sub>O","1982"
"Natrite","Na<sub>2</sub>CO<sub>3</sub>","1982"
"Mopungite","Na[Sb<sup>5+</sup>(OH)<sub>6</sub>]","1982"
"Jervisite","NaSc<sup>3+</sup>Si<sub>2</sub>O<sub>6</sub>","1982"
"Terskite","Na<sub>4</sub>ZrSi<sub>6</sub>O<sub>16</sub>&middot;2H<sub>2</sub>O","1982"
"Eirikite","KNa<sub>6</sub>Be<sub>2</sub>(Si<sub>15</sub>Al<sub>3</sub>)O<sub>39</sub>F<sub>2</sub>","1983"
"Barentsite","Na<sub>7</sub>Al(HCO<sub>3</sub>)<sub>2</sub>(CO<sub>3</sub>)<sub>2</sub>F<sub>4</sub>","1983"
"Stronalsite","Na<sub>2</sub>SrAl<sub>4</sub>Si<sub>4</sub>O<sub>16</sub>","1983"
"Walentaite","Fe<sup>3+</sup><sub>3</sub>(P<sub>0.84</sub>As<sub>0.16</sub>O<sub>4</sub>)<sub>2</sub>(O,OH)<sub>6</sub>As<sup>3+</sup><sub>2.56</sub>Ca<sub>0.42</sub>Na<sub>0.28</sub>Mn<sup>2+</sup><sub>0.35</sub>Fe<sup>2+</sup><sub>0.30</sub>O<sub>6.1</sub>(OH)<sub>0.9</sub>(H<sub>2</sub>O)<sub>0.9</sub>","1983"
"Natropharmacosiderite","NaFe<sup>3+</sup><sub>4</sub>(AsO<sub>4</sub>)<sub>3</sub>(OH)<sub>4</sub>&middot;4H<sub>2</sub>O","1983"
"Tiptopite","K<sub>2</sub>(Na,Ca)<sub>2</sub>Li<sub>3</sub>Be<sub>6</sub>(PO<sub>4</sub>)<sub>6</sub>(OH)<sub>2</sub>&middot;H<sub>2</sub>O","1983"
"Sverigeite","NaMnMgSnBe<sub>2</sub>(SiO<sub>4</sub>)<sub>3</sub>(OH)","1983"
"Nefedovite","Na<sub>5</sub>Ca<sub>4</sub>(PO<sub>4</sub>)<sub>4</sub>F","1983"
"Canaphite","Na<sub>2</sub>Ca(P<sub>2</sub>O<sub>7</sub>)&middot;4H<sub>2</sub>O","1983"
"Coyoteite","NaFe<sub>3</sub>S<sub>5</sub>&middot;2H<sub>2</sub>O","1983"
"Munirite","NaVO<sub>3</sub>&middot;1.9H<sub>2</sub>O","1983"
"Bannermanite","(Na,K)<sub>0.7</sub>V<sup>4+</sup><sub>0.7</sub>V<sup>5+</sup><sub>5.3</sub>O<sub>15</sub>","1983"
"Sadanagaite","{Na}{Ca<sub>2</sub>}{Mg<sub>3</sub>Al<sub>2</sub>}(Si<sub>5</sub>Al<sub>3</sub>O<sub>22</sub>)(OH)<sub>2</sub>","1984"
"Perlialite","K<sub>9</sub>Na(Ca,Sr)[Al<sub>2</sub>Si<sub>4</sub>O<sub>12</sub>]<sub>6</sub>&middot;15H<sub>2</sub>O","1984"
"Minehillite","(K,Na)<sub>2-3</sub>Ca<sub>28</sub>Zn<sub>4</sub>Al<sub>4</sub>Si<sub>40</sub>O<sub>112</sub>(OH)<sub>16</sub>","1984"
"Bobfergusonite","Na<sub>2</sub>Mn<sub>5</sub>FeAl(PO<sub>4</sub>)<sub>6</sub>","1984"
"Zimbabweite","(Na,K)<sub>2</sub>PbAs<sub>4</sub>(Ta,Nb,Ti)<sub>4</sub>O<sub>18</sub>","1984"
"Perraultite","BaNaMn<sup>2+</sup><sub>4</sub>Ti<sub>2</sub>(Si<sub>2</sub>O<sub>7</sub>)<sub>2</sub>O<sub>2</sub>(OH)<sub>2</sub>F","1984"
"Yakhontovite","(Ca,Na)<sub>0.5</sub>(Cu,Fe,Mg)<sub>2</sub>(Si<sub>4</sub>O<sub>10</sub>)(OH)<sub>2</sub>&middot;3H<sub>2</sub>O","1984"
"Denisovite","K<sub>14+x</sub>(Ca,Na,Mn,Fe)<sub>48</sub>[Si<sub>60</sub>O<sub>162</sub>]F<sub>16</sub>(O<sub>x</sub>,OH<sub>4-x</sub>)&middot;2H<sub>2</sub>O","1984"
"Kvanefjeldite","Na<sub>4</sub>(Ca,Mn)(Si<sub>3</sub>O<sub>7</sub>)<sub>2</sub>(OH)<sub>2</sub>","1984"
"Wheatleyite","Na<sub>2</sub>Cu(C<sub>2</sub>O<sub>4</sub>)<sub>2</sub>&middot;2H<sub>2</sub>O","1984"
"Franconite","Na(Nb<sub>2</sub>O<sub>5</sub>)(OH)&middot;3H<sub>2</sub>O","1984"
"Natalyite","NaV<sup>3+</sup>Si<sub>2</sub>O<sub>6</sub>","1984"
"Shigaite","Mn<sub>6</sub>Al<sub>3</sub>(OH)<sub>18</sub>[Na(H<sub>2</sub>O)<sub>6</sub>](SO<sub>4</sub>)<sub>2</sub>&middot;6H<sub>2</sub>O","1985"
"Diaoyudaoite","NaAl<sub>11</sub>O<sub>17</sub>","1985"
"Natronambulite","(Na,Li)(Mn,Ca)<sub>4</sub>Si<sub>5</sub>O<sub>14</sub>OH","1985"
"Zemkorite","Na<sub>2</sub>Ca(CO<sub>3</sub>)<sub>2</sub>","1985"
"Lalondeite","(Na,Ca)<sub>6</sub>(Ca,Na)<sub>3</sub>Si<sub>16</sub>O<sub>38</sub>(F,OH)<sub>2</sub>&middot;3H<sub>2</sub>O","1985"
"Irtyshite","Na<sub>2</sub>(Ta,Nb)<sub>4</sub>O<sub>11</sub>","1985"
"Kambaldaite","NaNi<sub>4</sub>(CO<sub>3</sub>)<sub>3</sub>(OH)<sub>3</sub>&middot;3H<sub>2</sub>O","1985"
"Thornasite","(Na,K)<sub>12</sub>Th<sub>3</sub>[Si<sub>8</sub>O<sub>19</sub>]<sub>4</sub>&middot;18H<sub>2</sub>O","1985"
"Georgechaoite","NaKZr[Si<sub>3</sub>O<sub>9</sub>]&middot;2H<sub>2</sub>O","1985"
"Voggite","Na<sub>2</sub>Zr(PO<sub>4</sub>)(CO<sub>3</sub>)(OH)&middot;2H<sub>2</sub>O","1985"
"Hochelagaite","(Ca,Na,Sr)(Nb,Ti,Si,Al)<sub>4</sub>O<sub>11</sub>&middot;8H<sub>2</sub>O","1986"
"Paravinogradovite","Na<sub>1-2</sub>(Ti,Fe<sup>3+</sup>)<sub>4</sub>(Si<sub>2</sub>O<sub>6</sub>)<sub>2</sub>(AlSi<sub>3</sub>O<sub>10</sub>)(OH)<sub>4</sub>&middot;H<sub>2</sub>O","1986"
"Olenite","NaAl<sub>3</sub>Al<sub>6</sub>(Si<sub>6</sub>O<sub>18</sub>)(BO<sub>3</sub>)<sub>3</sub>O<sub>3</sub>(OH)","1986"
"Johninnesite","Na<sub>2</sub>Mn<sup>2+</sup><sub>9</sub>Mg<sub>7</sub>(OH)<sub>8</sub>[AsO<sub>4</sub>]<sub>2</sub>[Si<sub>6</sub>O<sub>17</sub>]<sub>2</sub>","1986"
"Palenzonaite","(NaCa<sub>2</sub>)Mn<sup>2+</sup><sub>2</sub>(VO<sub>4</sub>)<sub>3</sub>","1986"
"Haineaultite","(Na,Ca)<sub>5</sub>Ca(Ti,Nb)<sub>5</sub>(Si<sub>6</sub>O<sub>17</sub>)<sub>2</sub>(OH,F)<sub>8</sub>&middot;5H<sub>2</sub>O","1986"
"Iquiqueite","K<sub>3</sub>Na<sub>4</sub>Mg(CrO<sub>4</sub>)B<sub>24</sub>O<sub>39</sub>(OH)&middot;12H<sub>2</sub>O","1986"
"Cesplumtantite","(Cs,Na)<sub>2</sub>(Pb,Sb<sup>3+</sup>)<sub>3</sub>Ta<sub>8</sub>O<sub>24</sub>","1986"
"Cetineite","(K,Na)<sub>6</sub>Sb<sup>3+</sup><sub>12</sub>(Sb<sup>3+</sup>S<sub>3</sub>)<sub>2</sub>O<sub>18</sub>(OH)<sub>0.5</sub>&middot;5,5H<sub>2</sub>O","1986"
"Delindeite","(Na,K)<sub>2</sub>(Ba,Ca)<sub>2</sub>(Ti,Fe,Al)<sub>3</sub>(Si<sub>2</sub>O<sub>7</sub>)<sub>2</sub>O<sub>2</sub>(OH)<sub>2</sub>&middot;2H<sub>2</sub>O","1987"
"Maxwellite","NaFe<sup>3+</sup>(AsO<sub>4</sub>)F","1987"
"Howardevansite","NaCuFe<sub>2</sub>(VO<sub>4</sub>)<sub>3</sub>","1987"
"Hectorfloresite","Na<sub>9</sub>(SO<sub>4</sub>)<sub>4</sub>(IO<sub>3</sub>)","1987"
"Poudretteite","K&#9723;<sub>2</sub>Na<sub>2</sub>B<sub>3</sub>[Si<sub>12</sub>O<sub>30</sub>]","1987"
"Tuliokite","Na<sub>6</sub>BaTh(CO<sub>3</sub>)<sub>6</sub>&middot;6H<sub>2</sub>O","1988"
"Burpalite","Na<sub>2</sub>CaZr(Si<sub>2</sub>O<sub>7</sub>)F<sub>2</sub>","1988"
"Chvilevaite","Na(Cu,Fe,Zn)<sub>2</sub>S<sub>4</sub>","1988"
"Wilkinsonite","Na<sub>2</sub>Fe<sup>2+</sup><sub>4</sub>Fe<sup>3+</sup><sub>2</sub>(Si<sub>6</sub>O<sub>18</sub>)O<sub>2</sub>","1988"
"Yoshiokaite","(Ca,Na)[Al(Al,Si)O<sub>4</sub>]","1989"
"Wooldridgeite","Na<sub>2</sub>CaCu<sup>2+</sup><sub>2</sub>(P<sub>2</sub>O<sub>7</sub>)<sub>2</sub>&middot;10H<sub>2</sub>O","1989"
"Lintisite","LiNa<sub>3</sub>Ti<sub>2</sub>(Si<sub>2</sub>O<sub>6</sub>)<sub>2</sub>O<sub>2</sub>&middot;2H<sub>2</sub>O","1989"
"Namansilite","NaMn<sup>3+</sup>Si<sub>2</sub>O<sub>6</sub>","1989"
"Grenmarite","Na<sub>4</sub>MnZr<sub>3</sub>(Si<sub>2</sub>O<sub>7</sub>)<sub>2</sub>O<sub>2</sub>F<sub>2</sub>","1989"
"Sitinakite","KNa<sub>2</sub>Ti<sub>4</sub>(SiO<sub>4</sub>)<sub>2</sub>O<sub>5</sub>(OH)&middot;4H<sub>2</sub>O","1989"
"Kukisvumite","Na<sub>6</sub>ZnTi<sub>4</sub>(Si<sub>8</sub>O<sub>24</sub>)O<sub>4</sub>&middot;4H<sub>2</sub>O","1989"
"Tounkite","(Na,Ca,K)<sub>8</sub>(Al<sub>6</sub>Si<sub>6</sub>O<sub>24</sub>)(SO<sub>4</sub>)<sub>2</sub>Cl&middot;H<sub>2</sub>O","1990"
"Bystrite","(Na,K)<sub>7</sub>Ca(Al<sub>6</sub>Si<sub>6</sub>O<sub>24</sub>)(S<sub>5</sub>)Cl","1990"
"Quadridavyne","(Na,K)<sub>6</sub>Ca<sub>2</sub>(Al<sub>6</sub>Si<sub>6</sub>O<sub>24</sub>)Cl<sub>4</sub>","1990"
"Fluornatrocoulsellite","CaNa<sub>3</sub>AlMg<sub>3</sub>F<sub>14</sub>","1990"
"Boggsite","Ca<sub>8</sub>Na<sub>3</sub>(Si,Al)<sub>96</sub>O<sub>192</sub>&middot;70H<sub>2</sub>O","1990"
"Cancrisilite","Na<sub>7</sub>(Al<sub>5</sub>Si<sub>7</sub>O<sub>24</sub>)(CO<sub>3</sub>)&middot;3H<sub>2</sub>O","1990"
"Hydroxycancrinite","Na<sub>8</sub>(Al<sub>6</sub>Si<sub>6</sub>O<sub>24</sub>)(OH)<sub>2</sub>&middot;2H<sub>2</sub>O","1990"
"Mazzite-Na","Na<sub>8</sub>[Al<sub>4</sub>Si<sub>14</sub>O<sub>36</sub>]<sub>2</sub>&middot;30H<sub>2</sub>O","1990"
"Montesommaite","(K,Na)<sub>9</sub>Al<sub>9</sub>Si<sub>23</sub>O<sub>64</sub>&middot;10H<sub>2</sub>O","1990"
"Alluaivite","Na<sub>19</sub>(Ca,Mn)<sub>6</sub>(Ti,Nb)<sub>3</sub>Si<sub>26</sub>O<sub>74</sub>Cl&middot;2H<sub>2</sub>O","1990"
"Girvasite","NaCa<sub>2</sub>Mg<sub>3</sub>(PO<sub>4</sub>)<sub>3</sub>(CO<sub>3</sub>)(H<sub>2</sub>O)<sub>6</sub>","1990"
"Nalipoite","NaLi<sub>2</sub>PO<sub>4</sub>","1990"
"Silinaite","NaLiSi<sub>2</sub>O<sub>5</sub>&middot;2H<sub>2</sub>O","1990"
"Manganotychite","Na<sub>6</sub>Mn<sub>2</sub>(CO<sub>3</sub>)<sub>4</sub>(SO<sub>4</sub>)","1990"
"Rouvilleite","Na<sub>3</sub>CaMn<sup>2+</sup>(CO<sub>3</sub>)<sub>3</sub>F","1991"
"Sheldrickite","NaCa<sub>3</sub>(CO<sub>3</sub>)<sub>2</sub>F<sub>3</sub>&middot;H<sub>2</sub>O","1991"
"Petersenite-(Ce)","Na<sub>4</sub>(Ce,La,Nd)<sub>2</sub>(CO<sub>3</sub>)<sub>5</sub>","1991"
"Tiettaite","K<sub>4</sub>Na<sub>12</sub>Fe<sup>3+</sup>Si<sub>16</sub>O<sub>41</sub>(OH)<sub>4</sub>&middot;2H<sub>2</sub>O","1991"
"Metamunirite","NaVO<sub>3</sub>","1991"
"Simmonsite","Na<sub>2</sub>LiAlF<sub>6</sub>","1992"
"Franklinphilite","(K,Na)<sub>4</sub>(Mn<sup>2+</sup>,Mg,Zn)<sub>48</sub>(Si,Al)<sub>72</sub>(O,OH)<sub>216</sub>&middot;6H<sub>2</sub>O","1992"
"Polyphite","Na<sub>5</sub>(Na<sub>4</sub>Ca<sub>2</sub>)Ti<sub>2</sub>(Si<sub>2</sub>O<sub>7</sub>)(PO<sub>4</sub>)<sub>3</sub>O<sub>2</sub>F<sub>2</sub>","1992"
"Quadruphite","Na<sub>6</sub>Na<sub>2</sub>(CaNa)<sub>2</sub>Na<sub>2</sub>Ti<sub>2</sub>Na<sub>2</sub>Ti<sub>2</sub>(Si<sub>2</sub>O<sub>7</sub>)<sub>2</sub>(PO<sub>4</sub>)<sub>4</sub>O<sub>4</sub>F<sub>2</sub>","1992"
"Calcioburbankite","Na<sub>3</sub>(Ca,REE,Sr)<sub>3</sub>(CO<sub>3</sub>)<sub>5</sub>","1992"
"Ferri-leakeite","[Na][Na<sub>2</sub>][Mg<sub>2</sub>Fe<sup>3+</sup><sub>2</sub>Li]Si<sub>8</sub>O<sub>22</sub>(OH)<sub>2</sub>","1992"
"Manaksite","KNaMnSi<sub>4</sub>O<sub>10</sub>","1992"
"Qilianshanite","NaHCO<sub>3</sub>&middot;H<sub>3</sub>BO<sub>3</sub>&middot;2H<sub>2</sub>O","1992"
"Adamsite-(Y)","NaY[CO<sub>3</sub>]<sub>2</sub>&middot;6H<sub>2</sub>O","1992"
"Paranatisite","Na<sub>2</sub>Ti(SiO<sub>4</sub>)O","1992"
"Bellbergite","(K,Ba,Sr)<sub>2</sub>Sr<sub>2</sub>Ca<sub>2</sub>(Ca,Na)<sub>4</sub>[Al<sub>3</sub>Si<sub>3</sub>O<sub>12</sub>]<sub>6</sub>&middot;30H<sub>2</sub>O","1993"
"Wycheproofite","NaAlZr(PO<sub>4</sub>)<sub>2</sub>(OH)&middot;H<sub>2</sub>O","1993"
"Nickenichite","Na<sub>0.8</sub>Ca<sub>0.4</sub>Cu<sub>0.4</sub>(Mg,Fe)<sub>3</sub>(AsO<sub>4</sub>)<sub>3</sub>","1993"
"Strakhovite","NaBa<sub>3</sub>Mn<sup>2+</sup><sub>2</sub>Mn<sup>3+</sup><sub>2</sub>Si<sub>6</sub>O<sub>19</sub>(OH)<sub>3</sub>","1993"
"Chladniite","Na<sub>3</sub>CaMg<sub>11</sub>(PO<sub>4</sub>)<sub>9</sub>","1993"
"Tuzlaite","NaCaB<sub>5</sub>O<sub>8</sub>(OH)<sub>2</sub>&middot;3H<sub>2</sub>O","1993"
"Potassic-mangani-leakeite","[(Na,K)][Na<sub>2</sub>][Mg<sub>2</sub>Mn<sup>3+</sup><sub>2</sub>Li]Si<sub>8</sub>O<sub>22</sub>(OH)<sub>2</sub>","1993"
"Megacyclite","Na<sub>8</sub>KSi<sub>9</sub>O<sub>18</sub>(OH)<sub>9</sub>&middot;19H<sub>2</sub>O","1993"
"Altisite","Na<sub>3</sub>K<sub>6</sub>Ti<sub>2</sub>Al<sub>2</sub>Si<sub>8</sub>O<sub>26</sub>Cl<sub>3</sub>","1994"
"Saliotite","(Li,Na)Al<sub>3</sub>(AlSi<sub>3</sub>O<sub>10</sub>)(OH)<sub>5</sub>","1994"
"Mahnertite","NaCu<sub>3</sub>(AsO<sub>4</sub>)<sub>2</sub>Cl&middot;5H<sub>2</sub>O","1994"
"Mccrillisite","NaCs(Be,Li)Zr<sub>2</sub>(PO<sub>4</sub>)<sub>4</sub>&middot;1-2H<sub>2</sub>O","1994"
"Fuenzalidaite","K<sub>6</sub>(Na,K)<sub>4</sub>Na<sub>6</sub>Mg<sub>10</sub>(SO<sub>4</sub>)<sub>12</sub>(IO<sub>3</sub>)<sub>12</sub>&middot;12H<sub>2</sub>O","1994"
"Carlosruizite","K<sub>6</sub>(Na,K)<sub>4</sub>Na<sub>6</sub>Mg<sub>10</sub>(SeO<sub>4</sub>)<sub>12</sub>(IO<sub>3</sub>)<sub>12</sub>&middot;12H<sub>2</sub>O","1994"
"Gaultite","Na<sub>4</sub>Zn<sub>2</sub>Si<sub>7</sub>O<sub>18</sub>&middot;5H<sub>2</sub>O","1994"
"Crawfordite","Na<sub>3</sub>Sr(CO<sub>3</sub>)(PO<sub>4</sub>)","1994"
"Selwynite","NaK(Be,Al)Zr<sub>2</sub>(PO<sub>4</sub>)<sub>4</sub>&middot;2H<sub>2</sub>O","1995"
"Lukechangite-(Ce)","Na<sub>3</sub>Ce<sub>2</sub>(CO<sub>3</sub>)<sub>4</sub>F","1995"
"Kanonerovite","Na<sub>3</sub>Mn<sup>2+</sup>(P<sub>3</sub>O<sub>10</sub>)&middot;12H<sub>2</sub>O","1995"
"Mangano-mangani-ungarettiite","NaNa<sub>2</sub>(Mn<sup>2+</sup><sub>2</sub>Mn<sup>3+</sup><sub>3</sub>)(Si<sub>8</sub>O<sub>22</sub>)O<sub>2</sub>","1995"
"Esperanzaite","NaCa<sub>2</sub>Al<sub>2</sub>(AsO<sub>4</sub>)<sub>2</sub>(OH)F<sub>4</sub>&middot;2H<sub>2</sub>O","1998"
"Lemanskiite","NaCaCu<sub>5</sub>(AsO<sub>4</sub>)<sub>4</sub>Cl&middot;3H<sub>2</sub>O","1998"
"Ferro-ferri-obertiite","NaNa<sub>2</sub>(Fe<sup>2+</sup><sub>3</sub>Fe<sup>3+</sup>Ti)Si<sub>8</sub>O<sub>22</sub>O<sub>2</sub>","1998"
"Fluorcalcioroméite","(Ca,Na,&#9723;)<sub>2</sub>Sb<sup>5+</sup><sub>2</sub>(O,OH)<sub>6</sub>F","1999"
"Dobrovolskyite","Na<sub>4</sub>Ca(SO<sub>4</sub>)<sub>3</sub>","2000"
"Watatsumiite","Na<sub>2</sub>KLi(Mn<sup>2+</sup>,Fe<sup>2+</sup>)<sub>2</sub>V<sup>4+</sup><sub>2</sub>[Si<sub>8</sub>O<sub>24</sub>]","2000"
"Ellingsenite","Na<sub>5</sub>Ca<sub>6</sub>Si<sub>18</sub>O<sub>38</sub>(OH)<sub>13</sub>&middot;6H<sub>2</sub>O","2002"
"Alsakharovite-Zn","NaSrKZn(Ti,Nb)<sub>4</sub>(Si<sub>4</sub>O<sub>12</sub>)<sub>2</sub>(O,OH)<sub>4</sub> &middot; 7H<sub>2</sub>O","2002"
"Princivalleite","Na(Mn<sub>2</sub>Al)Al<sub>6</sub>(Si<sub>6</sub>O<sub>18</sub>)(BO<sub>3</sub>)<sub>3</sub>(OH)<sub>3</sub>O","2003"
"Yazganite","NaFe<sup>3+</sup><sub>2</sub>(Mg,Mn<sup>2+</sup>)(AsO<sub>4</sub>)<sub>3</sub>&middot;H<sub>2</sub>O","2003"
"Bussyite-(Ce)","(Ce,REE)<sub>3</sub>(Na,H<sub>2</sub>O)<sub>6</sub>MnSi<sub>9</sub>Be<sub>5</sub>(O,OH)<sub>30</sub>F<sub>4</sub>","2004"
"Jahnsite-(NaMnMg)","{(Na,Ca)}{(Mn<sup>2+</sup>,Fe<sup>3+</sup>)}{(Mg,Fe<sup>3+</sup>)<sub>2</sub>}{Fe<sup>3+</sup><sub>2</sub>}(PO<sub>4</sub>)<sub>4</sub>(OH)<sub>2</sub> &middot; 8H<sub>2</sub>O","2005"
"Hundholmenite-(Y)","(Y,REE,Ca,Na)<sub>15</sub>(Al,Fe<sup>3+</sup>)(Ca<sub>x</sub>As<sup>3+</sup><sub>1-x</sub>)(Si,As<sup>5+</sup>)Si<sub>6</sub>B<sub>3</sub>(O,F)<sub>48</sub>","2006"
"Yakovenchukite-(Y)","K<sub>3</sub>NaCaY<sub>2</sub>[Si<sub>12</sub>O<sub>30</sub>]&middot;4H<sub>2</sub>O","2006"
"Jadarite","LiNaSiB<sub>3</sub>O<sub>7</sub>(OH)","2006"
"Aiolosite","Na<sub>4</sub>Bi(SO<sub>4</sub>)<sub>3</sub>Cl","2008"
"Siudaite","Na<sub>8</sub>(Mn<sup>2+</sup><sub>2</sub>Na)Ca<sub>6</sub>(Fe<sup>3+</sup>,Mn<sup>2+</sup>)<sub>3</sub>Zr<sub>3</sub>NbSi<sub>24</sub>(Si,&#9723;,Ti)O<sub>74</sub>(OH)<sub>2</sub>Cl&middot;5H<sub>2</sub>O","2008"
"Hughesite","Na<sub>3</sub>Al(V<sub>10</sub>O<sub>28</sub>)&middot;22H<sub>2</sub>O","2009"
"Fontarnauite","(Na,K)<sub>2</sub>(Sr,Ca) (SO<sub>4</sub>)[B<sub>5</sub>O<sub>8</sub>(OH)]&middot;2H<sub>2</sub>O","2009"
"Rakovanite","(NH<sub>4</sub>)<sub>3</sub>Na<sub>3</sub>(V<sub>10</sub>O<sub>28</sub>)&middot;12H<sub>2</sub>O","2010"
"Oxo-magnesio-hastingsite","NaCa<sub>2</sub>(Mg<sub>3</sub>(Fe<sup>3+</sup><sub>2-x</sub>,Ti<sub>x</sub>))<sub>5</sub>(Si<sub>6</sub>Al<sub>2</sub>O<sub>22</sub>)O<sub>2</sub>","2011"
"Belakovskiite","Na<sub>7</sub>(UO<sub>2</sub>)(SO<sub>4</sub>)<sub>4</sub>(SO<sub>3</sub>OH)(H<sub>2</sub>O)<sub>3</sub>","2013"
"Hydroterskite","Na<sub>2</sub>ZrSi<sub>6</sub>O<sub>12</sub>(OH)<sub>6</sub>","2013"
"Ferri-kaersutite","NaCa<sub>2</sub>(Mg<sub>3</sub>Fe<sup>3+</sup>Ti)(Si<sub>6</sub>Al<sub>2</sub>O<sub>22</sub>)O<sub>2</sub> ","2014"
"Itelmenite","Na<sub>4</sub>Mg<sub>3</sub>Cu<sub>3</sub>(SO<sub>4</sub>)<sub>8</sub>","2014"
"Arsenatrotitanite","NaTi(AsO<sub>4</sub>)O","2015"
"Antofagastaite","Na<sub>2</sub>Ca(SO<sub>4</sub>)<sub>2</sub>·1.5H<sub>2</sub>O","2016"
"Majzlanite","K<sub>2</sub>Na(ZnNa)Ca(SO<sub>4</sub>)<sub>4</sub>","2016"
"Odikhinchaite","Na<sub>9</sub>Sr<sub>3</sub>[(H<sub>2</sub>O)<sub>2</sub>Na]Ca<sub>6</sub>Mn<sub>3</sub>Zr<sub>3</sub>NbSi (Si<sub>24</sub>O<sub>72</sub>)O(OH)<sub>3</sub>(CO<sub>3</sub>)&middot;H<sub>2</sub>O","2020"
"Colomeraite","NaTi<sup>3+</sup>Si<sub>2</sub>O<sub>6</sub>","2021"
"Monteregianite-(Y)","(Na,K)<sub>6</sub>(Y,Ca)<sub>2</sub>Si<sub>16</sub>O<sub>38</sub>&middot;10H<sub>2</sub>O","<=19"
"Direnzoite","NaK<sub>6</sub>MgCa<sub>2</sub>(Al<sub>13</sub>Si<sub>47</sub>O<sub>120</sub>)&middot;36H<sub>2</sub>O","ca. "